上市公司代码()_ComCd,最新公司全称_LComNm,最新公司英文名称_LComNm_eng,A股股票简称_A_LStkNm,A股股票代码_A_StkCd,主营业务_MainBusiness,证监会行业门类名称_CsrcIcNm1,省份与直辖市名称_Prov
C600000,上海浦东发展银行股份有限公司,"Shanghai Pudong Development Bank Co.,Ltd.",浦发银行,600000,吸收公众存款;发放短期、中期和长期贷款; 办理结算;办理票据贴现;发行金融债券;代理发行、 代理兑付、承销政府债券;买卖政府债券;同业拆借; 提供信用证服务及担保;代理收付款项及代理保险业务; 提供保险箱业务;外汇存款;外汇贷款;外汇汇款; 外币兑换;国际结算;同业外汇拆借; 外汇票据的承兑和贴现;外汇借款;外汇担保;结汇、售汇; 代理买卖股票以外的外币有价证券;代客外汇买卖;资信调查、咨询、见证业务;经中国人民银行批准经营的其他服务。,金融、保险业,上海
C600001,邯郸钢铁股份有限公司,"Handan Iron &steel Co.,Ltd",邯郸钢铁,600001,黑色金属冶炼、钢坯、钢材轧制、烧结矿冶炼、焦炭及副产品制造、销售及进出口业务；机械配件加工、维修；经营本企业自产产品和技术的出口业务和本企业所需的原辅材料、机械设备、零配件及技术的进口业务；技术开发、技术转让、技术咨询、技术服务；氧气、蒸汽生产；发电及污水处理。,制造业,河北
C600002,中国石化齐鲁股份有限公司,Sinopec Qilu Company Ltd.,齐鲁石化,600002,石油化工产品及无机化工产品的生产、加工、销售、仓储、运输及科研开发和综合技术服务。,制造业,山东
C600003,东北高速公路股份有限公司,Northeast Expressway Company Ltd.,ST东北高,600003,投资、开发、建设和经营管理收费公路；建筑材料生产、经营；饮食服务；机械设备及配件、机电产品(含汽车)；燃料、石油化工产品；广告业；公路运输业；房地产业；高科技产业；旅游；农林牧产品加工；环保工程；进出口；生物工程；粮油食品加工。,交通运输、仓储业,吉林省
C600004,广州白云国际机场股份有限公司,"Guangzhou Baiyun International Airport Co.,Ltd.",白云机场,600004,旅旅客过港服务；与航空运输有关的地面服务、交通运输和仓储服务；航空设施使用服务；提供航空营业场所；航空器维修(凭资质证书经营)；航空代理、航空保险销售代理业务；航空运输技术协作中介服务；行李封包业务；航空应急救援服务；航空信息咨询服务；航空运输业务有关的延伸服务，普通货物运输及代办报关手续服务。,交通运输、仓储业,广东
C600005,武汉钢铁股份有限公司,Wuhan Iron and Steel Company Limited.,武钢股份,600005,冶金产品及副产品、钢铁延伸产品制造； 冶金产品和技术开发、咨询和服务。,制造业,湖北
C600006,东风汽车股份有限公司,"Dongfeng Automobile Co.,Ltd",东风汽车,600006,开发、设计、生产、销售汽车、汽车发动机及其零部件、铸件,制造业,湖北
C600007,中国国际贸易中心股份有限公司,China World Trade Center Company Ltd.,中国国贸,600007,写字楼、宾馆、公寓、商场、展览厅、会议厅、停车场的出租、服务；提供住宿、 餐饮、幼儿园、文体娱乐服务；房地产开发与经营； 物业管理、承办会议、展览、展销；陆路货物运输； 对外经贸信息咨询；自营和代理各类商品和技术的进出口，但国家限定公司经营或禁止进出口的商品和技术除外。酒吧，烟草专卖零售，销售预包装食品，美容美发，洗浴（桑拿按摩、水疗），健身房，游泳池，零售商品部，图书、期刊、报纸的零售，商务中心（以工商登记管理机关核定为准）。,社会服务业,北京
C600008,北京首创股份有限公司,"Beijing Capital Co.,Ltd",首创股份,600008,公用基础设施的投资及投资管理；高科技产品的技术开发、技术咨询、技术转让、技术服务、技术培训；销售自行开发后的产品；房地产项目开发、销售商品房、物业管理；投资咨询；销售百货、五金交电、副食品、包装食品、饮料、家具、工艺美术品；住宿，中餐、西餐，零售酒、进口卷烟、国产卷烟、雪茄烟，美容美发（仅限新大都饭店经营）；零售烟（仅限新大都商品部经营）。,电力、煤气及水的生产和供应业,北京
C600009,上海国际机场股份有限公司,"Shanghai International Airport Co.,Ltd.",上海机场,600009,"为国内外航空运输企业及旅客提供地面保障服务，经营出租机场内航空营业场所、商业场所和办公场所,国内贸易（除专项规定）；广告经营，货运代理、代理报关、代理报检业务，长途客运站，经营其它与航空运输有关的业务；综合开发，经营国家政策许可的其它投资项目。",交通运输、仓储业,上海
C600010,内蒙古包钢钢联股份有限公司,"Inner Mongolia BaoTou Steel Union Co.,Ltd.",包钢股份,600010,生产、销售：黑色金属及其延压加工产品、冶金机械、设备及配件，焦炭及焦化副产品（化工）生产和销售、冶金的投资、黑色金属冶炼、工业用氧、工业用氮、工业氢、纯氩、压缩空气、蒸汽、城市煤气经营、钢铁产品采购、耐火材料、冶金炉料产品生产和销售、耐火材料技术转让和施工服务、废钢铁加工、采购和销售、钢铁生产技术咨询、专有管理技术（高炉无料钟炉顶布料器等）、电力设备的施工、维护和检修以及电力技术服务、火车货物运输和工业用水，原、燃、辅料的仓储、配送及成品库的仓储、物流管理，自营进出口。（法律、行政法规、国务院决,制造业,内蒙古
C600011,华能国际电力股份有限公司,"Huaneng Power International,Inc.",华能国际,600011,投资建设、经营管理电厂及开发、投资、经营与电厂有关的以出口为主的其他相关企业；热力生产及供应。,电力、煤气及水的生产和供应业,北京
C600012,安徽皖通高速公路股份有限公司,Anhui Expressway Company Limited,皖通高速,600012,高等级公路投资、建设、设计、监理，收费、养护、施救、路产路权管理，广告、餐饮、加油、修配、仓储、运输、建筑装潢及其他配套服务，公路建设经营咨询服务，房屋租赁，汽车及零配件、建筑材料销售，高新技术产品开发、生产、销售。,交通运输、仓储业,安徽
C600015,华夏银行股份有限公司,"Hua Xia Bank Co., limited",华夏银行,600015,吸收人民币存款；发放短期、中期和长期贷款；办理结算；办理票据贴现；发行金融债券；代理发行、代理兑付、承销政府债券；买卖政府债券；同业拆借；提供信用证服务及担保；代理收付款项；提供保管箱服务；外汇存款；外汇贷款；外汇汇款；外汇借款；外汇票据的承兑和贴现；自营或代客外汇买卖；买卖和代理买卖股票以外的外币有价证券；发行和代理发行股票以外的外币有价证券；外币兑换；外汇担保；外汇租赁；贸易、非贸易结算；资信调查、咨询、见证业务；以及经中国人民银行批准的其他业务。,金融、保险业,北京
C600016,中国民生银行股份有限公司,"China Minsheng Banking Corp., ltd.",民生银行,600016,"1、吸收公众存款；2、发放短期、中期和长期贷款；3、办理国内外结算；4、办理票据承兑与贴现；5、发行金融债券；6、代理发行、代理兑付,承销政府债券；7、买卖政府债券、金融债券；8、从事同业拆借；9、买卖、代理买卖外汇；10、从事银行卡业务；11、提供信用证服务及担保；12、代理收付款项及代理保险业务；13、提供保管箱服务；14、经国务院银行业监督管理机构批准的其它业务。",金融、保险业,北京
C600017,日照港股份有限公司,"Rizhao Port Co., ltd.",日照港,600017,"前臵许可经营项目：码头和其他港口设施服务；在港区内从事货物装卸、仓储服务；为船舶进出港、靠离码头、移泊提供顶推、拖带等港口拖轮服务；港口机械、设施维修。（以上范围凭有效港口经营许可证经营）
一般经营项目：机电设备及零配件、劳保用品、橡胶制品、五金、办公用品、金属材料、水泥、木材的销售；港区内通信设施维护、维修服务；污水处理。",交通运输、仓储业,山东
C600018,上海国际港务(集团)股份有限公司,"Shanghai International Port (Group) Co.,Ltd",上港集团,600018,国内外货物（含集装箱）、装卸（含过驳）、储存、中转和水陆运输；集装箱拆拼箱、清洗、修理、制造和租赁；国际航运、仓储、保管、加工、配送及物流信息管理；为国际旅客提供候船和上下船舶设施和服务；船舶引水、拖带，船务代理，货运代理；为船舶提供燃物料、生活品供应等船舶港口服务；港口设施租赁；港口信息、技术咨询服务；港口码头建设、管理和经营（涉及行政许可的凭许可证经营）；港口起重设备、搬运机械、机电设备及配件的批发及进出口。（以工商行政管理部门最终核准为准）,交通运输、仓储业,上海
C600019,宝山钢铁股份有限公司,"Baoshan Iron & Steel Co.,Ltd.",宝钢股份,600019,钢铁冶炼、加工，电力、煤炭、工业气体生产、码头、仏储、运输等不钢铁相关的业务，技术开发、技术转讥、技术服务和技术管理咨询服务，汽车修理，商品和技术的进出口，[有色金属冶炼及压延加工，工业炉窑，化工原料及产品的生产和销售，金属矿石、煤炭、钢铁、非金属矿石装卸、港区服务，水路货运代理，水路货物装卸联运，船舶代理，国外承包工程劳务合作，国际招标，工程招标代理，国内贸易，对销、转口贸易，废钢，煤炭，燃料油，化学危险品（限批发）]（限分支机构绊营）、机劢车安检。,制造业,上海
C600020,河南中原高速公路股份有限公司,Henan Zhongyuan Expressway Company Limited,中原高速,600020,高等级公路、大型和特大型独立桥梁等交通基础设施项目投资、经营管理和维护；高科技项目投资、开发；机械设备租赁与修理；汽车配件、公路建筑材料、机电产品（不含汽车）、家具、百货、土特产品、工艺美术品、服装鞋帽、家用电器的销售；卷烟、雪茄烟（凭证），饮食、住宿服务、副食销售（凭证），音像制品、书刊杂志出租、零售（凭证）（以上范围限分支机构经营）；技术服务、咨询服务；车辆清洗服务；货物配送（不含运输）；房屋租赁；加油站设施、设备租赁；实物租赁；高速公路自有产权广告牌租赁、服务区经营管理。,交通运输、仓储业,河南
C600021,上海电力股份有限公司,Shanghai Electric Power Company Limited,上海电力,600021,电力的开发、建设、经营及管理；组织电力、热力生产、销售；电力企业内部电力人员技能培训；合同能源管理；电力工程施工总承包；机电安装工程施工总承包；新能源与可再生能源项目开发及应用；煤炭经销；招投标代理；电力及相关业务的科技开发与咨询服务；整体煤气化联合循环发电项目的技术开发与技术咨询服务；自有物业管理；电力及合同能源管理相关的设备、装置、检测仪器及零部件等商品的进出口和自有技术的出口（国家限定公司经营或禁止进出口的商品和技术除外）；承包境外工程和境内国际招标工程；对外派遣境外工程及境外电站运行管理,电力、煤气及水的生产和供应业,上海
C600022,山东钢铁股份有限公司,Shandong Iron And Steel Company Ltd,山东钢铁,600022,    钢铁冶炼、加工及技术咨询服务，钢材、大锻件、焦炭及炼焦化产品、水渣和炼钢副产品的生产及销售，铁矿石及类似矿石销售，自营进出口业务；许可证批准范围内的危险化学品生产、销售（禁止储存），煤气供应，发电，供热。,制造业,山东
C600026,中海发展股份有限公司,China Shipping Development Company Limited,中海发展,600026,主营沿海、远洋、长江货物运输，船舶租赁，货物代理、代运业务；兼营船舶买卖、集装箱修造、船舶配备件代购代销，船舶技术咨询和转让；国内沿海散货船、油船海务管理、机务管理及船舶检修、保养；国际船舶管理业务（涉及行政许可的凭许可证经营）。,交通运输、仓储业,上海
C600027,华电国际电力股份有限公司,Huadian Power International Corporation Limited,华电国际,600027,建设、经营管理发电厂和其他与发电相关的产业，电力业务相关的技术服务、信息咨询。,电力、煤气及水的生产和供应业,山东
C600028,中国石油化工股份有限公司,China Petroleum & Chemical Corporation,中国石化,600028,非煤矿山（石油、天然气等）、危险化学品（乙烯、丙烯、丁二烯、石脑油等）、重油、橡胶及其他石油化工原料和产品的生产、储存、管道运输、陆路运输、水路运输、销售；石油炼制；汽油、煤油、柴油的批发业务及零售（限分支机构经营）业务；天然气化工、煤化工的生产、储存、运输、销售;润滑油、燃料油、溶剂油、沥青的销售；化肥生产；加气站经营，压缩天然气(CNG)、液化天然气（LNG）、液化石油气（LPG）、城市燃气销售；加电站经营；石油石化机器、设备的制造、监造、安装；石油石化原辅材料、设备及零部件的采购、销售；技术及信息、替,采掘业,北京
C600029,中国南方航空股份有限公司,China Southern Airlines Company Limited,南方航空,600029,"（Ⅰ）提供国内、地区和国际定期及不定期航空客、货、邮、行李运输服务；
（Ⅱ）提供通用航空服务；
（Ⅲ）提供航空器维修服务；
（Ⅳ）经营国内外航空公司的代理业务；
（Ⅴ）提供航空配餐服务；
（Ⅵ）提供酒店经营；
（Ⅶ）飞机租赁和航空意外保险销售代理；
（Ⅷ）进行其他航空业务及相关业务，包括为该等业务进行广告宣传；
（Ⅸ）保险兼业代理服务。（最终以国家工商行政管理总局核定的为准）",交通运输、仓储业,广东
C600030,中信证券股份有限公司,CITIC Securities Company Limited,中信证券,600030,证券经纪（限山东省、河南省、浙江省、福建省、江西省以外区域）；证券投资咨询；与证券交易、证券投资活动有关的财务顾问；证券承销与保荐；证券自营；证券资产管理；融资融券；证券投资基金代销；为期货公司提供中间介绍业务；代销金融产品。公司不得超出核定的业务范围经营其他业务。,金融、保险业,深圳市
C600031,三一重工股份有限公司,"Sany Heavy Industry Co., ltd",三一重工,600031,建筑工程机械、起重机械、停车库、通用设备及机电设备的生产、销售与维修（其中特种设备制造须凭本企业行政许可）；金属制品、橡胶制品及电子产品、钢丝增强液压橡胶软管和软管组合件的生产、销售；客车(不含小轿车)和改装车的制造与销售（凭审批机关许可文件经营）；五金及法律法规允许的矿产品、金属材料的销售；提供建筑工程机械租赁服务；经营商品和技术的进出口业务（国家法律法规禁止和限制的除外）。,制造业,北京
C600033,福建发展高速公路股份有限公司,Fujian Expressway Development Company Limited,福建高速,600033,"投资开发、建设、经营公路；机械设备租赁,咨询服务；工业生产资料,百货,建筑材料,五金、交电、化工,仪器仪表,电子计算机及配件的批发、零售、代购、代销（以上经营范围凡涉及国家专项专营规定的从其规定）。",交通运输、仓储业,福建
C600035,湖北楚天高速公路股份有限公司,"Hubei Chutian Expressway Co.,Ltd.",楚天高速,600035,对公路、桥梁和其他交通基础设施的投资，高速公路的经营、养护、道路设施的开发；高速公路沿线的餐饮住宿、商业娱乐、石油燃料、车辆维修、旅游开发、广告传媒、仓储物流、能源矿产、租赁等附属设施的管理和项目的经营开发；对公路沿线其他相关产业投资、开发；股权投资；现代服务业（以上项目涉及许可证的则凭证经营）。,交通运输、仓储业,湖北
C600036,招商银行股份有限公司,"China Merchants Bank Co., limited",招商银行,600036,"    吸收公众存款;发放短期、中期和长期贷款;办理结算;办理票据贴现;发行金融债券;代理发行、代理兑付、承销政府债券;买卖政府债券;同业拆借;提供信用证服务及担保;代理收付款项及代理保险业务;提供保管箱服务。外汇存款;外汇贷款;外汇汇款;外币兑换;国际结算;结汇、售汇;同业外汇拆借;外汇票据的承兑和贴现;外汇借款;外汇担保;买卖和代理买卖股票以外的外币有价证券;发行和代理发行股票以外的外币有价证券;自营和代客外汇买卖;资信调查、咨询、见证业务;离岸金融业务。经中国银监会批准的其他业务。
",金融、保险业,深圳市
C600037,北京歌华有线电视网络股份有限公司,"Beijing Gehua Catv Network Co.,Ltd.",歌华有线,600037,"许可经营项目：广播电视网络的建设开发、经营管理和维护；广播电视节目收转、传送；广播电视网络信息服务；广播电视视频点播业务；设计、制作电视广告；利用有线电视自有界面发布广告（不得在收费点播节目中发布广告）；有线电视站、共用天线设计、安装；制作、发行动画片、专题片、电视综艺，不得制作时政新闻及同类专题、专栏等广播电视节目（广播电视节目及电视剧制作许可证有效期至2014年08月10日）；基于有线电视网的互联网接入业务、互联网数据传送增值业务、国内IP电话业务。 
一般经营项目：基础软件服务；应用软件服务；销售计?",传播与文化产业,北京
C600038,哈飞航空工业股份有限公司,"Hafei Aviation Industry Co., Ltd",哈飞股份,600038,航空产品及零配件的开发、设计、研制、生产、销售业务；航空科学技术开发、咨询、服务；机电产品的开发、设计研制、生产和销售（国家规定需审批的项目除外）。经营进出口业务（按外经贸部批准文件执行）。,制造业,黑龙江
C600039,四川路桥建设股份有限公司,"Sichuan Road&bridge Co.,Ltd",四川路桥,600039,公路工程、房建工程、市政公用工程、桥梁工程、电力工程、机电安装工程、地基与基础工程、土石方工程、预拌商品混凝土、混凝土预制构件、隧道工程、公路交通工程、建筑装修装饰工程；工程勘察设计、测绘服务、规划管理、工程管理服务；工程机械租赁、维修；建筑材料生产；高速公路管理；项目投资与资产管理；商品批发与零售；物业管理。,建筑业,四川
C600048,保利房地产(集团)股份有限公司,"Poly Real Estate Group Co.,Ltd",保利地产,600048,一级房地产开发。出租本公司开发商品房。房屋工程设计、旧楼拆迁、道路与土方工程施工。室内装修。冷气工程及管道安装。物业管理。酒店管理。批发与零售贸易（国家专营专控商品除外）。,房地产业,广东
C600050,中国联合网络通信股份有限公司,China United Network Communications Limited,中国联通,600050,    依法对电信行业进行投资，且仅限于通过联通BVI公司持有联通红筹公司股权。,信息技术业,上海
C600051,宁波联合集团股份有限公司,"Ningbo United Group Co., ltd.",宁波联合,600051,高新技术产品投资开发生产，能源、交通、通讯项目及市政基础设施建设，房地产开发经营；实业项目投资；国内贸易（国家限制经营商品凭证经营）；化工原料及产品；自营和代理各类货物和技术的进出口业务，但国家限定经营或禁止进出口的货物和技术除外；技术咨询；以下均限分支机构经营：环保设备、仪器仪表、普通机械、电器产品的开发、制造、安装、维修；环保工程建设；住宿、饮食服务，打字复印，书、报刊零售出租，卷烟、雪茄烟零售；客运服务；货运运输；工程建筑；轿车销售；旅游；汽车维修及租赁；机动车辆保险代理；二手车经销。,综合类,浙江
C600052,浙江广厦股份有限公司,"Zhejiang Guangsha Co.,Ltd.",浙江广厦,600052,    房地产投资，实业投资，房地产中介代理，园林、绿化、市政、幕墙、智能化、装修装饰、照明工程的施工，建筑材料、建筑机械的制造、销售，有色金属销售，水电开发，会展服务。,房地产业,浙江
C600053,江西中江地产股份有限公司,"Jiangxi Zhongjiang Real Estate Co.,Ltd",中江地产,600053,房地产开发及经营、土地开发及经营、对旅游项目的投资、装饰工程、建筑材料的生产与经营、建筑工程的设计与规划、物业管理、资产管理、自有房屋租赁。,房地产业,江西
C600054,黄山旅游发展股份有限公司,"Huangshan Tourism Development Co.,Ltd.",黄山旅游,600054,经工商行政管理部门核准，公司的经营范围是：旅游接待、服务，旅游商品开发、销售，旅游运输，饮食服务，旅游资源开发，组织举办与旅游相关的贸易活动，信息咨询。房地产开发经营、房地产租赁。,社会服务业,安徽
C600055,华润万东医疗装备股份有限公司,"China Resources Wandong Medical Equipment Co., Ltd.",华润万东,600055,各类医疗器械的生产和销售；普通货运,制造业,北京
C600056,中国医药保健品股份有限公司,"China Meheco Co., Ltd.",中国医药,600056,"(1)自营和代理除国家组织统一联合经营的16 种出口商品和国家实行核定公司经营的14种进口商品以外的其它商品和技术的进出口业务(不另附进出口商品目录)；
(2)经营高新技术及其产品的开发和进出口业务；
(3)承包国(境)外各类工程和境内国际招标工程，向国(境)外派遣各类工程、 生产和服务行业的劳务人员(本含海员)；
(4)经营寄售、维修、技术服务业务；
(5)经营进料加工和“三来一补”业务；
(6)经营易货贸易、对销贸易和转口贸易；
(7)开展国内贸易业务(国家有专项专营规定的除外)。
(8)经营国际招标采购业务",批发和零售贸易,北京
C600057,厦门象屿股份有限公司,"Xiamen Xiangyu Co., Ltd.",象屿股份,600057,"1、经营各类商品和技术的进出口（不另附进出口的商品目录），但国家限定公司经营或禁止进出口的商品及技术除外；2、批发：纺织品、棉花、饲料、服装、建筑材料、五金交电、化工材料（须经前臵审批许可的项目除外）、金属材料、包装材料、室内装饰材料、日用百货、机械电子设备、汽车零配件、摩托车零配件、矿产品（国家专控产品除外）、化肥；销售：燃料油（不含成品油及须经前臵审批许可的项目），收购农副产品（不含粮食、种子）；3、货物运输代理及咨询服务、货物仓储及相关服务的物流代理服务（以上不含货物运输）,物流供应链管理咨询",社会服务业,福建
C600058,五矿发展股份有限公司,"Minmetals Development Co., Ltd.",五矿发展,600058,钢铁及其炉料（包括铁矿砂、生铁、废钢、焦炭等）、废船、非金属矿产品及其制品、建筑材料、耐火材料等商品的自营和代理进出口业务。以上主营商品的生产和销售，自营和代理除国家组织统一经营的 16 种出口商品以外的其它商品的出口业务，自营和代理除国家实行核定公司经营的其余 13 种进口商品以外的其它商品的进口业务，技术进出口业务，进出口货物的运输和运输代理、仓储、保险业务，经营国际金融组织贷款和日本输出入银行能源贷款的直接采购和招标采购业务，经营外国政府贷款、出口信贷、现汇项下的国家和地方重点建设项目的技术和成套,批发和零售贸易,北京
C600059,浙江古越龙山绍兴酒股份有限公司,"Zhejiang Guyuelongshan Shaoxing Wine Co., ltd",古越龙山,600059,"许可经营项目：黄酒、白酒、食用酒精（不含化学危险品）、调味料（液体）的制造、销售。一般经营项目：黄酒、白酒、饮料、食用酒精（不含化学危险品）、调味料（液体）、副食品及食品原辅料、玻璃制品的技术开发；玻璃制品的制造、销售；经营本企业或成员企业自产产品及相关技术出口业务；经营本企业或本企业成员企业生产科研所需原辅材料、机械设备、仪器仪表、零配件等商品及相关技术的进口业务；承办中外合资经营、合作生产及开展""三来一补""业务。（上述经营范围不含国家法律法规规定禁止、限制和许可经营的项目。）",制造业,浙江
C600060,青岛海信电器股份有限公司,"Hisense Electric Co., ltd.",海信电器,600060,"    电视机、平板显示器件、移动电话、电冰箱、电冰柜、洗衣机、热水器、微波炉、以及洗碗机、电熨斗、电吹风、电炊具等小家电产品、广播电视设备、电子计算机、通讯产品、移动通信设备、信息技术产品、家用商用电器和电子产品的研发、制造、销售、服务、维修和回收;非标准设备加工、安装售后服务;自营进出口业务(按外经贸部核准项目经营);生产:卫星电视地面广播接收设备。房屋租赁、机械与设备租赁、物业管理。(以上范围需经许可经营的,须凭许可证经营)。",制造业,山东
C600061,中纺投资发展股份有限公司,"Sinotex Investment & Development Co., Ltd",中纺投资,600061,纺织原材料、纺织新型材料、纺织品、特种纤维、跨行业新材料的开发、生产、批发、零售、代购、代销、进出口，实业投资，保税贸易；本公司的兼营业务为：与上述产品相关的技术服务、咨询服务、信息服务。自营和代理各类商品及技术的进出口业务（不另附进出口商品目录），但国家限定公司经营和国家禁止进出口的商品及技术除外；经营进料加工和“三来一补”业务；开展对外贸易和转口贸易等。,制造业,上海
C600062,华润双鹤药业股份有限公司,"China Resources Double－crane Pharmaceutical Co., ltd.",华润双鹤,600062,"    许可经营项目：加工、制造大容量注射剂、小容量注射剂、冻干粉针剂、冲洗剂、口服溶液剂、涂剂、片剂、颗粒剂、硬胶囊剂、原料药、乳剂、凝胶剂、口服混悬剂、医疗用毒性药品、精神药品、软胶囊剂、滴眼剂、气雾剂、中药提取、制药机械设备(具体生产范围以《药品生产许可证》为准)。 
    一般经营项目：销售公司自产产品、机械电器设备；技术开发、技术转让、技术服务(未经专项审批项目除外)；自营和代理各类商品及技术的进出口业务，但国家限定公司经营或禁止进出口的商品及技术除外；经营进料加工和""三来一补""业务；经营对销贸易?",制造业,北京
C600063,安徽皖维高新材料股份有限公司,Anhui Wanwei Updated High-Tech Material Industry Company Limited,皖维高新,600063,"水泥用石灰石开采，氧气、溶解乙炔、醋酸乙烯、电石、工业乙酸酐、工业冰乙酸、乙醛、醋酸甲酯生产与销售。公司一般经营项目：各种高低聚合度和醇解度的PVA系列产品、高强高模聚乙烯醇纤维、超高强高模PVA短纤及长丝、PVA水溶性纤维、聚乙烯醇强力纱、涤纶纤维、聚酯切片、聚醋酸乙烯乳液、高档面料、化工产品、水泥、石灰生产与销售，工业与民用建筑工程施工三级（限建筑分公司经营），设备安装，机械加工,铁路轨道衡计量经营，建筑用石料、水泥用混合材的生产与销售。（以工商行政管理部门核准为准）",制造业,安徽
C600064,南京高科股份有限公司,Nanjing Gaoke Company Limited,南京高科,600064,高新技术产业投资、开发；市政基础设施建设、投资及管理（市政公用工程施工总承包二级）；土地成片开发；建筑安装工程；商品房开发、销售；物业管理、自有房屋租赁；工程设计；咨询服务；污水处理、环保项目建设、投资及管理。,房地产业,江苏
C600066,郑州宇通客车股份有限公司,"Zhengzhou Yutong Bus Co.,Ltd.",宇通客车,600066,经营本企业自产产品及相关技术的出口业务；经营本企业生产、科研所需的原辅材料、机械设备、仪器仪表、零配件及相关技术的进口业务；经营本企业的进料加工和“三来一补”业务；客车及配件、附件制造；客车底盘的设计、生产与销售；机械加工、客车产品设计与技术服务；摩托车、汽车及配件、附件、机电产品、五金交电、百货、化工产品（不含易燃易爆化学危险品）的销售；旧车及其配件、附件交易；汽车维修（限分支机构凭证经营）；住宿，饮食服务（限分支机构凭证经营）；普通货运；仓储（除可燃物资）；租赁业；旅游服务；企业信息化技术服,制造业,河南
C600067,冠城大通股份有限公司,"Citychamp Dartong Co.,Ltd.",冠城大通,600067,经营本企业生产所需原辅材料、机械设备、仪器仪表、零配件等商品及相关技术的进口业务；承办中外合资经营合作生产及开展来料加工、加样加工、进料加工、补偿贸易业务；电器机械及器材，自动化仪表及系统制造、维修、销售，有色金属材料加工；五金、交电的批发、零售；房地产开发。,制造业,福建
C600068,中国葛洲坝集团股份有限公司,China Gezhouba Group Company Limited,葛洲坝,600068,    按国家核准的资质等级范围、全过程或分项承包国内外、境内国际招标的水利水电、公路、铁路、市政公用、港口与航道、房屋建筑工程的施工总承包、工程总承包和项目管理业务；及起重设备安装工程、堤防、桥梁、隧道、机场、公路路基工程、地质灾害治理工程、输电线路、机电设备制作安装和其他建筑工程的勘察设计及施工安装，船舶制造修理，金属结构压力容器制作安装，低压开关柜制造，汽车改装与维修，运输及旅游服务，电力工程施工；上述工程所需材料、设备的出口；对外派遣本行业工程、生产的劳务人员；生产销售和出口水泥；经营和代理,建筑业,湖北
C600069,河南银鸽实业投资股份有限公司,"Henan Yinge Industrial Investment Holding Co.,Ltd.",银鸽投资,600069,"纸张、纸浆及其深加工产品，电，房地产开发(凭资质证)；餐饮服务(凭卫生许可证)；百货，工业生产资料(国家有专项专营规定的除外)；技术服务，投资咨询，自产产品及相关技术的出口(国家组织统一联合经营的出口商品除外)；原辅材料、机械设备、仪器仪表、 零配件及相关技术的进口业务(国家实行核定公司经营的进
口商品除外)；进料加工，三来一补。”",制造业,河南
C600070,浙江富润股份有限公司,"Zhejiang Furun Co.,Ltd",浙江富润,600070,交通基础设施及热电工程的投资开发，旅游服务（不含旅行社），针纺织品、服装的制造加工、印染；针纺织品、服装、纺织原辅材料、五金交电、建筑材料、机电设备、百货、日用杂货、农副产品销售；机械设备安装维修；仓储，经济信息服务。,制造业,浙江
C600071,凤凰光学股份有限公司,Phenix Optical Company Limited,凤凰光学,600071,光学镜头、照相器材、望远镜、钢片快门、 水晶饰品、光学加工、机械加工.,制造业,江西
C600072,中船江南重工股份有限公司,"Cssc Jiangnan Heavy Industry Co., Ltd",中船股份,600072,"建筑、桥梁等大型钢结构；石化、冶金、海洋工程、港口机械等大型成套装备；(含起重机械)、各类机电设备；压力容器；LPG液罐；中小型船舶的设计、制造、加工、安装、维修；咨询服务；国内贸易(除专项规定)。经营本企业自产的钢结构及制品、大型成套设备、压力容器、船舶及配件和相关技术的出口业务；生产、科研所需的原辅材料、机械设备、仪器仪表、零配件及相关技术的进口业务；来料加工和""三来一补""业务。承包与其实力、规模、业绩相适应的外国工程项目；对外派遣实施上述境外工程所需的劳务人员。",制造业,上海
C600073,上海梅林正广和股份有限公司,Shanghai Maling Aquarius Co.ltd,上海梅林,600073,资产经营，电子商务，信息采集、信息加工、信息发布、经济信息服务，销售：预包装食品（含熟食卤味、含冷冻（藏）食品），马口铁，印铁，化工原料（除危险品），食品机械及零件，国内贸易（除专项规定），自营和代理各类商品和技术的进出口，但国家限定公司经营或禁止进出口的商品及技术除外。,制造业,上海
C600074,江苏中达新材料集团股份有限公司,"Jiangsu Zhongda New Material Group Co.,Ltd.",*ST中达,600074,生产、销售双向拉伸聚酯薄膜、双向拉伸聚丙烯薄膜、聚乙烯薄膜、聚丙烯薄膜、聚脂切片、复合制品；塑料制品、化工原料及制品销售；化工产品出口及本企业科研和生产所需的原辅材料、机械设备、仪器仪表零配件的进出口业务；生物医药；环保研发；信息工程；投资管理。公司董事会可以根据客观需要和实际情况依法变更经营范围。,制造业,江苏
C600075,新疆天业股份有限公司,"Xinjiang Tianye Co.,Ltd.",新疆天业,600075,    许可经营项目：化工产品（含腐蚀品具体范围以许可证为准）的生产与销售；汽车运输，番茄酱的生产和销售（限所属分支机构经营）。一般经营项目：塑料制品的生产和销售；机电设备（小轿车及国家专项审批规定的产品除外）、建筑材料、五金交电、钢材、棉麻产品、轻纺产品、汽车配件、畜产品、干鲜果品的销售；农业种植、畜牧养殖、农业水土开发；柠檬酸、电石及附产品的生产和销售（上述经营项目仅限所属分支机构经营）；废旧塑料回收、再加工、销售，货物及技术的进出口经营（国家限定公司经营或禁止进出口的商品和技术除外）；农副产品,制造业,新疆
C600076,潍坊北大青鸟华光科技股份有限公司,"Weifang Beida Jadebird Huaguang Technology Co., ltd",青鸟华光,600076,前置许可经营项目：通信设备的开发、生产、销售及技术服务（凭电信设备进网许可证）。一般经营项目：广电产品、电子出版系统、新闻综合处理系统（上述项目不含前置审批项目）；计算机软硬件、电子印花分色系统、办公自动化系统、光机电一体设备、电子产品、系统集成、电子工程施工、智能建筑工程设计、施工（凭资质证经营）；房屋租赁。,信息技术业,山东
C600077,宋都基业投资股份有限公司,"Sundy Land Investment Co., Ltd.",宋都股份,600077,    产业投资、企业管理咨询及服务；电子、通讯、半导体材料技术研发，钢材、矿石、焦炭、生铁、铁合金、有色金属销售;机械设备销售及售后服务。自营和代理各类商品和技术的进出口业务（国家法律法规限制或禁止的除外）。,房地产业,浙江
C600078,江苏澄星磷化工股份有限公司,"Jiangsu Chengxing Phosph-Chemical Co.,Ltd",澄星股份,600078,许可经营项目：食品添加剂的生产，危险化学品的生产、批发（按许可证所列范围经营）；一般经营项目：化工原料及化工产品制造、销售，本企业自产的化工原料及化工产品出口，电子产品制造、销售，金属材料、建筑材料、农副产品销售，技术咨询服务。,制造业,江苏
C600079,人福医药集团股份公司,"Humanwell Healthcare (Group) Co.,Ltd.",人福医药,600079,"药品研发；生物技术研发；化工产品（化学危险品除外）的研发、销售；技术开发、技术转让及技术服务；货物进出口、技术进出口、代理进出口（不含国家禁止或限制进出口的货物或技术）；对产业的投资及管理、教育项目的投资；房地产开发、商品房销售（资质叁级）；组织""三来一补""业务。（上述范围中国家有专项规定的项目经审批后或凭许可证在核定期限内经营）。",制造业,湖北
C600080,金花企业(集团)股份有限公司,Ginwa Enterprise(grpup) Inc.,金花股份,600080,金属材料（专控除外）、化工材料（易制毒及危险化学品除外）、化学仪器、电子产品、机械水暖材料、汽车配件、日用百货、办公用品、工艺品、绝级材料、家具、玻璃陶瓷、计算机、服装针织、装饰材料、园艺产品、玩具、灶具、空气调节设备的批发和零售；与本企业生产经营相关的服务业（国家有专项规定的除外）；租赁业务；珠宝加工及批发、零售；本企业生产的医药保健品、饮料、机电产品的出口（国家限定或禁止公司经营出口的商品除外）；本企业生产、科研所需的原辅材料、机械设备、仪器仪表及零配件的进口业务（国家限定或禁止公司经营的商,制造业,陕西
C600081,东风电子科技股份有限公司,"Dong Feng Electronic Technology Co., litd.",东风科技,600081,研究、开发、采购、制造、销售汽车仪表系统、饰件系统、制动系统、供油系统产品，GPS车载导航系统部件及车身控制器等汽车电子系统产品；汽车、摩托车及其它领域的传感器及其他部件产品、塑料零件、有色金属压铸件的设计、制造和销售，自营和代理各类商品和技术的进出口，但国家限定公司经营或禁止进出口的商品及技术除外（涉及许可经营的凭许可证经营）。,制造业,上海
C600082,天津海泰科技发展股份有限公司,"Tianjin Hi-Tech Development Co.,Ltd.",海泰发展,600082,向孵化高新技术成果和创业型科技企业、高新技术企业投资并进行产品的开发、生产；土地开发、房地产开发；技术开发、咨询、转让、服务（电子与信息、机电一体化、新材料、生物工程及制药、新能源和节能技术、环境科学和劳动保护、新型建筑材料、仪器仪表等技术及产品）；物业管理；管理信息咨询；商品及物资的批发兼零售；科技产品及技术进出口业务；易货贸易及转口贸易；保税仓诸；限分支机构经营；货运（以上范围内国家有专营专项规定的按规定办理）。,房地产业,天津
C600083,广东博信投资控股股份有限公司,"Guangdong Boxin Investing & Holdings Co,.Ltd",博信股份,600083,对外投资业务，国内贸易，物资供销。,制造业,广东
C600084,中信国安葡萄酒业股份有限公司,"Citic Guoan Wine Co., ltd",中葡股份,600084,许可经营项目：葡萄酒的生产（限生产企业）；一般经营项目：葡萄酒的销售；葡萄种植；农业开发；货物及技术的进出口经营；五金交电产品，化工原料，机电产品，仪表产品，日用百货，办公用品，工艺美术品，农畜产品的销售；农业种植；家畜养殖；房屋租赁。,制造业,新疆
C600085,北京同仁堂股份有限公司,"Beijing Tongrentang Co., ltd",同仁堂,600085,制造、加工中成药制剂、化妆品、酒剂、涂膜剂、软胶囊剂、硬胶囊剂、保健酒、加工鹿、乌鸡产品、营养液制造（不含医药作用的营养液）。 经营中成药、中药材、西药制剂、生化药品、保健食品、定型包装食品、酒、医疗器械、医疗保健用品。 零售中药饮片、保健食品、定型包装食品（含乳冷食品）、图书、百货。 中医科、内科专业、外科专业、妇产科专业、儿科专业、皮肤科专业、老年病科专业诊疗。 技术咨询、技术服务、技术开发、技术转让、技术培训、劳务服务。 药用动植物的饲养、种植；养殖梅花鹿、乌骨鸡、麝、马鹿。 广告设计制作。 危?,制造业,北京
C600086,东方金钰股份有限公司,Hubei Eastern Gold Jade  Company Limited,东方金钰,600086,"宝石及珠宝饰品的加工、生产、批发、销售,翡翠原材料的批发销售；文化旅游项目的开发；工艺美术品、文化办公用品、体育用品、五金交电、化工原料及产品、建筑材料、装饰材料、金属材料的批发、零售、代购代销；农林花卉种植；纺织品生产销售和进出口贸易、物资供应,生物工程,高新技术产品开发研制和销售；房地产开发,实业投资。",制造业,湖北
C600087,中国长江航运集团南京油运股份有限公司,"Nanjing Tanker Corporation, Ltd.",*ST长油,600087,石油及制品、化学制品及其他货物仓储、运输；石油及制品、化学产品销售；国际船舶危险品运输；国际船舶管理；船舶技术服务、修理；工业生产资料、百货、五金交电、建筑材料、通信器材销售；经营各类商品和技术的进出口业务（国家限定企业经营或禁止进出口的商品及技术除外）。,交通运输、仓储业,江苏
C600088,中视传媒股份有限公司,"China Television Media,Ltd.",中视传媒,600088,    影视拍摄基地开发、经营，影视拍摄（摄制电影［单片］），电视剧节目制作、销售经营，影视设备租赁、高清晰度影视技术、宽带数字信息技术、网络系统集成技术的开发及相关的信息服务，设计、制作、发布、代理各类广告业务，文化（含演出）经纪，房地产开发，科学技术服务，室内外装饰，物业管理，实业投资、投资咨询，综合文艺表演，百货、工艺美术品（黄金制品除外）的销售，国内贸易（除专项规定），摄影服务，以下限分支机构经营：市内水上旅游客运（三国城、水浒城水上景区），零售预包装食品，小型餐馆，住宿，卷烟、雪茄烟零售，,传播与文化产业,上海
C600089,特变电工股份有限公司,"TBEA Co.,Ltd",特变电工,600089,许可经营项目：无。一般经营项目：变压器、电抗器、互感器、电线电缆及其他电气机械器材的制造、销售、检修、安装及回收；五金产品、电器设备、其他机械设备及电子产品的生产、销售；硅及相关产品的制造、研发及相关技术咨询；矿产品的加工；新能源技术、建筑环保技术、水资源利用技术及相关工程项目的研发及咨询；太阳能系统组配件、环保设备的制造、安装及相关技术咨询；太阳能光伏离网和并网及风光互补系统、柴油机光互补系统及其他新能源系列工程的设计、建设、安装及维护；太阳能集中供热工程的设计、安装；太阳能光热产品的设计、制,制造业,新疆
C600090,新疆啤酒花股份有限公司,"Xin Jiang Hops Co.,Ltd",啤酒花,600090,啤酒花、啤酒花制品（颗粒、浸膏等制品）的销售；进出口业务；项目投资；房屋租赁。,制造业,新疆
C600091,包头明天科技股份有限公司,"Baotou Tomorrow Technology Co., ltd",ST明科,600091,"    一般经营项目：销售烧碱、聚氯乙烯树脂、苯酚、电石、盐酸；化工包装，室内装饰、装潢（凭资质经营）；化工产品的研制、开发（需前置许可的除外）；化工机械加工；出口本企业自产的机电产品、轻工纺织；网络工程及远程教育服务；环保设备生产及销售；计算机软硬件及外围设备的生产、销售；销售电子原件、通讯器材（除专营）、办公设备；咨询服务、仓储（危险化学品除外）；租赁；货物运输代理服务。（法律、行政法规、国务院决定规定应经许可的、未获许可不得生产经营）""。",制造业,内蒙古
C600093,四川禾嘉股份有限公司,Sichuan Hejia Co.ltd.,禾嘉股份,600093,项目投资及管理。,制造业,四川
C600094,上海大名城企业股份有限公司,Greattown Holdings Ltd.,大名城,600094,房地产综合开发，建造、销售商品房，物业管理，物业租赁，公共基础设施开发与建设，建筑装饰安装工程，生产、加工、销售生物制品、农药及中间体、药品原料及制剂、保健品、新型建材、包装材料、现代通讯信息新材料及相关器件；上述产品的研究开发、技术咨询和售后服务；经营进出口业务（涉及配额、许可证或国家专项管理的，应凭证经营或按国家有关规定另行报批）。,房地产业,上海
C600095,哈尔滨高科技(集团)股份有限公司,"Harbin High-tech(group)c0.,ltd.",哈高科,600095,从事高新技术产品开发、生产、销售；提供技术咨询、技术服务；开发区内土地开发、基础设施建设、物业管理；通过代理开展对外贸易;国内贸易(国家限制经营的商品除外)；从事政策允许的劳务性服务。,制造业,黑龙江
C600096,云南云天化股份有限公司,"Yunnan Yuntianhua Co.,Ltd",云天化,600096,化肥、化工原料、新材料、新能源及产品的研发、生产、销售。,制造业,云南
C600097,上海开创国际海洋资源股份有限公司,"Shanghai Kaichuang Marine International Co., ltd.",开创国际,600097,    远洋捕捞，海淡水养殖；水产品加工和贸易，食品销售；渔船、渔业机械、船舶设备及配件；绳网及相关产品，包装纸箱，日用百货；仓储运输，信息技术服务；开展对外劳务合作业务，向境外派遣相关行业的劳务人员；自营和代理各类商品及技术的进出口业务，但国家限定公司经营和国家禁止进出口的商品及技术除外。,农、林、牧、渔业,上海
C600098,广州发展集团股份有限公司,Guangzhou Development Group Incorporated,广州发展,600098,    从事能源（含电力、煤炭、油品、天然气、新能源和可再生能源）的投资和管理。物流业、基础设施及工商企业的投资和管理。批发和零售贸易（国家专营专控项目除外）。,电力、煤气及水的生产和供应业,广东
C600099,林海股份有限公司,"Linhai Co.,Ltd.",林海股份,600099,林业及园林动力机械、农业机械、喷灌机械、木材采运设备、内燃机、摩托车、助力车、消防机械、微型汽车、电池、电动车及以上产品配件的制造和销售；进出口业务；汽车销售；自产产品相关技术的转让；,制造业,江苏
C600100,同方股份有限公司,"Tsinghua Tongfang Co.,Ltd",同方股份,600100,许可经营项目：因特网接入服务业务（北京1直辖市以及长春、南昌2城市）；互联网信息服务业务不含新闻、出版、医疗保健、药品和医疗器械等内容；对外派遣实施与出口自产成套设备相关的境外工程所需的劳务人员；商用密码产品生产；商用密码产品销售；社会公共安全设备、交通工程设备、建筑智能化及市政工程机电设备、电力工程机电设备、节能；人工环境控制设备、通信电子产品、微电子集成电路、办公设备、仪器仪表、光机电一体化设备的生产；水景喷泉制造。  一般经营项目：计算机及周边设备的生产、销售、技术服务和维修；社会公共安全设备,信息技术业,北京
C600101,四川明星电力股份有限公司,"Sichuan Mingxing Electric Power Co., ltd",明星电力,600101,电力、热力的生产、供应；送变电工程的施工及设备安装；项目投资；研究、生产光电产品；技术服务；商品批发与零售；进出口业。（以上项目不含前置许可项目，后置许可项目凭许可证或审批文件经营）,电力、煤气及水的生产和供应业,四川
C600102,莱芜钢铁股份有限公司,Laiwu Steel Corporation,莱钢股份,600102,生铁、钢锭、钢坯、钢材、大锻件、焦炭、水渣、炼焦化产品及炼钢副产品的生产、销售；认定证书范围内高炉煤气发供电、供热（凭资质证书经营）；资格证书范围内经营进出口业务。,制造业,山东
C600103,福建省青山纸业股份有限公司,"Fujian Qingshan Paper Industry Co.,Ltd.",青山纸业,600103,"    纸浆、纸和纸制品生产销售；木材及产品的经营销售；工业生产资料,百货,日用杂货,建筑材料。经营本企业自产产品及相关技术的出口业务；经营本企业生产、科研所需的原辅材料、机械设备、仪器仪表、零配件及相关技术的进口业务；经营本企业的对外贸易业务。轻工技术咨询、技术服务(以上经营范围凡涉及国家专项专营规定的从其规定)。",制造业,福建
C600104,上海汽车集团股份有限公司,SAIC Motor Corporation Limited,上汽集团,600104,汽车，摩托车，拖拉机等各种机动车整车，机械设备，总成及零部件的生产、销售，国内贸易（除专项规定），咨询服务业，经营本企业自产产品及技术的出口业务和本企业所需的机械设备、零配件、原辅材料及技术的进口业务（但国家限定公司经营或禁止进出口的商品及技术除外），本企业包括本企业控股的成员企业，汽车租赁及机械设备租赁，实业投资，期刊出版，利用自有媒体发布广告，从事货物及技术进出口业务【企业经营涉及行政许可的，凭许可证件经营】。,制造业,上海
C600105,江苏永鼎股份有限公司,"Jiangsu Etern Co., Ltd.",永鼎股份,600105,    许可经营项目：承包境外与出口自产设备相关的工程和境内国际招标工程，对外派遣实施上述境外工程所需的劳务人员。一般经营项目：电线、电缆、光纤、光缆、配电开关控制设备、电子产品、通信设备、汽车及零部件的研究、制造，铜制材加工及铜产品销售，国内贸易，实业投资，实物租赁，自营和代理各类商品及技术的进出口业务，机电工程技术服务及企业管理咨询。,信息技术业,江苏
C600106,重庆路桥股份有限公司,"Chongqing Road & Bridge Co., ltd",重庆路桥,600106,长江石板坡大桥、嘉陵江石门大桥、嘉华嘉陵江大桥、长寿湖旅游专用高速公路的经营、维护，市政公用工程施工总承包（壹级），房屋建筑工程（二级），房地产开发（贰级）；销售建筑材料和装饰材料（不含危险化学品）、五金、金属材料（不含稀贵金属）、木材、建筑机械。,交通运输、仓储业,重庆
C600107,湖北美尔雅股份有限公司,"Hubei Mailyard Share Co., ltd",美尔雅,600107,服装、服饰和纺织品研发、设计、制造和销售；自营和代理各类商品和技术的进出口（不含国家限定和禁止类业务）；房屋租赁；仓储（不含有毒、有害化学危险品）；投资酒店业及政策允许的其他产业。,制造业,湖北
C600108,甘肃亚盛实业(集团)股份有限公司,"Gansu Yasheng Industrial（group）co., ltd",亚盛集团,600108,"高科技农业新技术、新品种开发、加工；生产、组装和销售灌溉系统及其零部件和配套设备，从事滴灌系统的设计、安装、技术咨询和技术服务；农副产品的种植、收购（粮食收购凭许可证经营）、销售；无机盐及其副产品的生产；农作物种植；动物饲养；自营和代理国家组织统一联合经营的16种出口商品和国家实行核定公司经营的14种进口商品以外的其它商品及技术进出口业务；经营进料加工及""三来一补""业务；经营对销贸易；茶叶、印染业务；化工原料及产品（不含危险品）、纺织品的生产、销售。",农、林、牧、渔业,甘肃
C600109,国金证券股份有限公司,"Sinolink Securities Co., Ltd.",国金证券,600109,证券经纪；证券投资咨询；与证券交易、证券投资活动有关的财务顾问；证券承销与保荐；证券自营；证券投资基金代销；为期货公司提供中间介绍业务。融资融券业务。证券资产管理业务。代销金融产品业务。,金融、保险业,四川
C600110,中科英华高技术股份有限公司,"China—kinwa High Technology Co., Ltd",中科英华,600110,热缩、冷缩材料、合成橡胶等新材料、新产品开发、生产、销售，辐射加工，铜箔、履铜板及铜箔工业生产的专用设备，电线电缆制造与销售，非标设备和机械配件加工，本企业产品的安装、施工及技术咨询、技术服务及有色金属经营（以上各项国家法律、法规限制禁止及需取得前置审批的项目除外）；经营本企业自产产品及相关技术的出口业务（国际限定公司经营和国家禁止出口的商品及技术除外）；经营本企业和本企业所需的机械设备、零配件、原辅材料的进出口业务，但国家限定公司经营或禁止进出口的商品及技术除外。,制造业,吉林省
C600111,内蒙古包钢稀土(集团)高科技股份有限公司,"Inner Mongolia Baotou Steel Rare-earth（group） Hi-tech Co., ltd.",包钢稀土,600111,（国家法律、法规规定应经审批未获审批前不得生产经营）稀土精矿、稀土深加工产品、稀土新材料生产与销售、稀土高科技应用产品的开发、生产与销售；铁精粉的生产与销售；铌精矿及其深加工产品的生产与销售；出口本企业生产的稀土产品、充电电池、五金化工产品（国家组织统一联合经营的16种出口商品除外）；进口本企业生产、科研所需的原辅材料、机器设备、仪器仪表及零配件；生产、销售冶金、化工产品（专营除外），技术咨询、信息服务；建筑安装、修理。,制造业,内蒙古
C600112,贵州长征电气股份有限公司,"Guizhou Changzheng Electric Co., Ltd.",长征电气,600112,高、中、低压电器元件及成套设备、风力发电设备的设计、研制、生产、销售及售后服务；电气技术开发、咨询及服务；精密模具；机械加工；矿产品开采；矿产品加工；矿产品经营（具体以公司登记机关核准为准） 。,制造业,贵州
C600114,东睦新材料集团股份有限公司,"Nbtm New Materials Group Co., Ltd.",东睦股份,600114,粉末冶金制品、专用设备、工装模具及原辅材料的生产销售和技术咨询服务；自有房屋出租。,制造业,浙江
C600115,中国东方航空股份有限公司,China Eastern Airlines Corporation Limited,东方航空,600115,国内和经批准的国际、地区航空客、货、邮、行李运输业务及延伸服务；通用航空业务；航空器维修；航空设备制造与维修；国内外航空公司的代理业务；与航空运输有关的其他业务；保险兼代理服务；电子商务；空中超市；商品批发、零售。并且，从事根据公司法组成的股份有限公司都可以从事的其他合法活动。,交通运输、仓储业,上海
C600139,四川西部资源控股股份有限公司,"Sichuan Western Resources Holding Co., Ltd",西部资源,600139,铜矿石、铜、金属材料（不含金银）销售，金属制品、机械、电子产品，矿山采掘机构及配件的制造、销售，资产管理，管理咨询服务，对国家产业政策允许项目的投资。,采掘业,四川
C600141,湖北兴发化工集团股份有限公司,"Hubei Xingfa Chemicals Group Co., ltd.",兴发集团,600141,"磷化工系列产品、化工原料及化工产品生产、销售、进出口；磷矿石的开采、销售；化学肥料（含复混肥料）的生产、销售；承办中外合资经营合作生产及""三来一补""业务；水力发电、供电；汽车货运、汽车配件销售；机电设备安装；房屋租赁；物业管理服务；技术咨询服务；食品添加剂及饲料添加剂生产及销售。（经营范围中有涉及国家专项规定的，未取得许可不得经营）",制造业,湖北
C600143,金发科技股份有限公司,"Kingfa Sci.&tech. Co., ltd.",金发科技,600143,"塑料、化工产品、塑料回收及再生利用、日用机械、金属制品、新材料、新产品的开发、研究、加工、制造、技术服务、技术转让。自有资金投资。房地产开发与经营。物业管理。批发和零售贸易(国家专营专控的商品除外)。
自营进出口业务(按穗外经贸[1999]227 号批复的范围经营)。",制造业,广东
C600146,宁夏大元化工股份有限公司,"Ningxia Dayuan Chemical Co.,Ltd.",大元股份,600146,生产销售工程用塑料板材、管材、异型材、电线、电缆；,制造业,宁夏
C600148,长春一东离合器股份有限公司,Changchun Yidong Clutch Co.ltd.,长春一东,600148,制造汽车离合器、机械配件、汽车零件；经营本企业自产产品及技术的出口业务；经营本企业生产所需的原辅材料、仪器仪表、机械设备、零配件及技术的进口业务；经营进料加工和三来一补业务。,制造业,吉林省
C600149,廊坊发展股份有限公司,"Langfang Development Co., Ltd.",廊坊发展,600149,"电子通讯专业领域的投资咨询、技术开发、技术咨询、技术服务、技术转让；建筑材料、电子产品、电子软件等产品国内贸易；商业不动产经营、租赁；房地产投资咨询；招商引资服务业务；园区投资、建设、运营、项目管理及咨询业务,家用电器、电气设备、计算机及辅助设备、通讯及广播电视设备、机械设备、通用设备、金属制品的销售；家具的销售。",制造业,河北
C600150,中国船舶工业股份有限公司,China CSSC Holdings Limited,中国船舶,600150,船舶行业和柴油机生产行业内的投资，民用船舶销售，船舶专用设备、机电设备的制造、安装、销售，船舶技术领域内的技术开发、技术转让、技术服务、技术咨询，从事货物及技术的进出口业务，自有设备租赁。（以上经营范围涉及行政许可的，凭许可证经营）,制造业,上海
C600151,上海航天汽车机电股份有限公司,"Shanghai Aerospace Automobile Electromechanical Co., ltd",航天机电,600151,卫星及卫星应用、运载火箭应用及其他民用航天相关产品的研制开发，汽车空调器、传感器、电机、自动天线等汽车零部件、机械加工及设备、电子电器、通讯设备、电器等产品，经营本企业自产产品的出口业务和本企业所需的机械设备、零配件、原辅材料的进口业务（但国家限定公司经营或禁止进出口的商品及技术除外），本企业包括本企业控股的成员企业，太阳能电池专用设备，硅材料、太阳能电池，太阳能发电设备、零配件及辅助材料的销售及维护，电力工程的设计、施工（除承装、承修、承试电力设施）、经营管理，电能的生产和销售，合同能源管理，,制造业,上海
C600158,中体产业集团股份有限公司,"China Sports Industry Group Co., ltd.",中体产业,600158,体育用品的生产、加工；体育场馆、设施的投资、开发、经营；承办体育比赛；体育运动产品的生产、加工；体育运动设施的建设、经营；体育主题社区建设；体育健身项目的开发、经营；体育专业人才的培训；体育信息咨询。,社会服务业,天津
C600159,北京市大龙伟业房地产开发股份有限公司,"Beijing Dalong Weiye Real Estate Development Co.,Ltd",大龙地产,600159,房地产开发；商品房销售、租赁；物业管理；房地产信息咨询；建筑材料销售。,房地产业,北京
C600160,浙江巨化股份有限公司,"Zhejiang Juhua Co.,Ltd.",巨化股份,600160,化工原料及化工产品生产与销售（涉及危险化学品生产的范围详见《安全生产许可证》、涉及危险化学品批发的范围详见《中华人民共和国危险化学品经营许可证》），复混肥料的生产（《全国工业产品生产许可证》），食品添加剂的生产（《全国工业产品生产许可证》），气瓶检验（《中华人民共和国特种设备检验检测机构核准证》）。提供有关技术服务、咨询和技术转让，经营进出口业务。(上述经营范围不含国家法律法规规定禁止、限制和许可经营的项目)。,制造业,浙江
C600161,北京天坛生物制品股份有限公司,Beijing Tiantan Biological Products Corporation Limited,天坛生物,600161,制造生物制品、体外诊断试剂。普通货运、货物专用运输（冷藏保鲜）。技术进出口；货物进出口；代理进出口。,制造业,北京
C600162,深圳香江控股股份有限公司,"Shenzhen Heungkong Holding Co.,Ltd",香江控股,600162,投资兴办实业（具体项目另行申报）；在合法取得使用权的土地上从事房地产开发经营；物业管理；从事建筑工程和装饰工程的施工（须取得相应的资质证书后方可经营）；企业形象策划；酒店管理；国内商业、物资供销业（不含专营、专控、专卖商品）；经营进出口业务（法律、行政法规、国务院决定禁止的项目除外，限制的项目须取得许可后方可经营）；经济信息咨询（不含限制项目）。,房地产业,深圳市
C600163,福建省南纸股份有限公司,"Nanzhi Co.,Ltd.,Fujian",福建南纸,600163,"    新闻纸,纸、纸制品,纸浆,林产化工产品(不含危险化学品),电器机械及器材的制造、销售;工业生产资料(不含九座以下乘用车),化工(不含危险化学品)产品,建筑材料的批发、零售、代购、代销;人才培训;技术咨询;轻工技术服务;对外贸易;林木种子种植;树苗种植;林木种植;木材采购、销售;造纸营林技术咨询服务。(以上经营范围涉及许可经营项目的,应在取得有关部门的许可后方可经营)
",制造业,福建
C600165,宁夏新日恒力钢丝绳股份有限公司,Ning Xia Xin Ri Heng Li Steel Wire Rope Co.ltd,新日恒力,600165,    钢丝、钢丝绳、钢绞线及其制品的生产和销售；粮油机械及其他机械制造和销售；针织品、纺织品生产、加工和销售；建筑装潢、建筑材料加工与生产；洗精煤生产与销售；渔业养殖、加工与销售；经营本企业自产产品及技术的出口业务；经营本企业生产所需的原辅材料、机械设备、零配件及技术的进口业务。,制造业,宁夏
C600166,北汽福田汽车股份有限公司,"Beiqi Foton Motor Co.,Ltd.",福田汽车,600166,"制造、销售汽车（不含小轿车）、农用车、农用机械、摩托车、拖拉机及配件、自行车、建筑材料、模具、冲压件、发动机、塑料机械、塑料制品、板材构件、机械电器设备；销售钢材、木材、五金交电、钢结构及网架工程施工；技术开发、技术转让、技术咨询、技术培训、技术服务；室内外装饰装潢；经营本企业和成员企业自产产品及技术出口业务；本企业和成员企业生产所需的原辅材料、仪器仪表、机械设备、零配件及技术的进口业务（国家限定公司经营和国家禁止进出口的商品除外），经营进料加工和""三来一补""业务；营销策划、营销咨询、产品推广服务",制造业,北京
C600167,联美控股股份有限公司,"Luenmei Holding Co.,Ltd",联美控股,600167,在国家法律允许和政策鼓励范围进行投资管理和经营；资源、能源等相关产业、产品的投资、建设和生产经营；国内贸易（国家禁止的项目除外）；自营和代理货物及技术的进出口（国家禁止的项目除外，限制的项目须取得许可后方可经营）；经济信息咨询服务（国家有专项规定的除外）,电力、煤气及水的生产和供应业,辽宁
C600168,武汉三镇实业控股股份有限公司,"Wuhan Sanzhen Industry Holding Co., ltd",武汉控股,600168,"城市给排水、污水综合治理；道路、桥梁、 供气、供电、通讯等基础设施的投资、建设和经营管理。
",电力、煤气及水的生产和供应业,湖北
C600169,太原重工股份有限公司,"Taiyuan Heavy Industry Co.,Ltd.",太原重工,600169,制造销售火车轴、冶金、轧钢、锻压、起重、非标设备、加压气化炉、压力容器、工矿配件、油膜轴承、精密锻件、结构件、齿轮及汽车变速箱。机电技术服务。机械设备安装、调试、修理、改造。经营本企业自产产品的出口业务和本企业所需的机械设备、零配件、原辅材料的进口业务（国家限定公司经营或禁止进出口的商品及技术除外），公路汽车货运、挖掘设备、钢轮产品的销售。国际货物运输代理业务。钢锭、铸件、锻件、热处理件、制模、包装、精铸设备、精铸材料的生产、销售、技术服务。工业炉窑的技术服务。铸、锻件、热处理件和冶炼技术咨询服,制造业,山西
C600170,上海建工集团股份有限公司,"Shanghai Construction Group Co., ltd",上海建工,600170,各类建设工程的承包、设计、施工、咨询及配套设备、材料、构件的生产、经营、销售，建筑技术开发与转让，机械设备租赁，房地产开发经营及咨询，城市基础设施的投资建设，实业投资，国内贸易(除专项规定)。（企业经营涉及行政许可的，凭许可证件经营）,建筑业,上海
C600171,上海贝岭股份有限公司,"Shanghai Belling Co.,Ltd.",上海贝岭,600171,集成电路、分立器件、相关模块和多媒体信息系统配套产品的设计制造，电子专用设备及仪器的设计制造，技术服务及咨询，销售自产产品，从事货物及技术进出口业务，自有房屋租赁及停车场（库）经营管理。(企业经营涉及行政许可的，凭许可证件经营)。,制造业,上海
C600172,河南黄河旋风股份有限公司,"Henan Huanghe Whirlwind Co.,Ltd.",黄河旋风,600172,"人造金刚石，人造金刚石磨料磨具磨削及其它金刚石制品，建筑装修磨削机具；与上述经营范围相关的技术服务，经营本企业自产产品及相关技术的进出口业务；经营本企业生产、科研所需的原辅材料、仪器仪表、机械设备、零配件及相关技术的进出口业务（国家限定公司经营和国家禁止进出口的商品及技术除外）；经营来料加工和""三来一补""业务；塔式起重机生产、安装及销售。",制造业,河南
C600173,卧龙地产集团股份有限公司,"Wolong Real Estate Group Co., ltd.",卧龙地产,600173,房地产开发与经营，技术咨询与服务，建筑工程、装饰装潢工程设计、施工，物业管理（凡涉及许可证制度的项目，待取得资质许可后方可经营）,房地产业,浙江
C600175,美都控股股份有限公司,"Meidu Holding Co., Ltd.",美都控股,600175,旅游业开发；海洋资源开发；现代农业开发；房地产开发经营；仓储业；建材、电子产品、现代办公用品、化工产品（专营外）、农副土特产品、纺织品、百货、五金工具、矿产品、燃料油（不含成品油）的批发、零售、代购代销；实业投资，基础建设投资，投资管理，经营进出口业务；咨询服务业。,综合类,浙江
C600176,中国玻纤股份有限公司,China Fiberglass Company Ltd.,中国玻纤,600176,新材料的技术开发、技术服务；销售玻璃纤维及其制品、建筑材料；企业管理；资产管理。,制造业,北京
C600177,雅戈尔集团股份有限公司,"Youngor Group Co.,Ltd.",Az,600177,服装制造；技术咨询；房地产开发；项目投资；仓储；针纺织品、金属材料、化工产品、建筑材料、机电、家电、电子器材的批发、零售；自营和代理各类商品及技术的进出口业务（国家规定的专营进出口商品和国家禁止进出口等特殊商品除外）。,制造业,浙江
C600178,哈尔滨东安汽车动力股份有限公司,"Harbin Dongan Auto Engine Co., Ltd.",东安动力,600178,汽车发动机、变速器及其零部件的开发、生产、销售；制造锻铸件、液压件；购销汽车（不含小轿车）；货物进出口、技术进出口。,制造业,黑龙江
C600179,黑龙江黑化股份有限公司,"Heilongjiang Heihua Co.,Ltd.",黑化股份,600179,"    许可经营项目：粗苯、焦油、苯酚、萘、蒽、洗油、杂酚、焦油沥青、氨、甲醇、液氧、液氮、硫磺、硝酸、二氧化碳、氨水生产（《安全生产许可证》有效期至2015年9月8日）。 
    一般经营项目：焦炭、化学肥料生产。",制造业,黑龙江
C600180,瑞茂通供应链管理股份有限公司,"CCS Supply Chain Management Co., Ltd.",瑞茂通,600180,前置许可经营项目：煤炭批发经营（有效期至2015年5月31日）；一般经营项目：资产管理；煤炭信息咨询，煤炭供应链管理。,农、林、牧、渔业,山东
C600181,云大科技股份有限公司,"Unida Co.,Ltd.",S*ST云大,600181,植物生长调节剂、农药、肥料的研究、开发、生产、经营；生物制品（不含管理商品）的研究、开发、生产、经营、销售；化工产品及原料（不含管理商品）的生产、经营；农业机械、农业生产资料的生产、经营；新技术在农业上的应用；农业技术培训；农副产品、林产品（不含管理商品）的代购、代销；花卉及种苗培育、种植、加工、经营，农业综合开发；农业、生物、化学、化工、花卉、医药、食品、饮料原料及添加剂等的技术开发、技术咨询、技术转让和项目的投资、管理、服务；酒店经营与管理；旅游资源及产品的投资、开发；信息咨询服务。出口商品,制造业,云南
C600182,佳通轮胎股份有限公司,Giti Tire Corporation,S佳通,600182,"生产销售轮胎、轮胎原辅材料,生产橡胶工业专用设备。经营本企业自产产品及技术的出口业务及其生产、科研所需的原辅材料,仪器仪表、机械设备、零配件及技术的进出口业务及提供相关的咨询、管理服务。",制造业,黑龙江
C600183,广东生益科技股份有限公司,"Shengyi Technology Co., Ltd.",生益科技,600183,"生产和销售覆铜板和粘结片、印制线路板、陶瓷电子元件、
液晶产品、电子级玻璃布、环氧树脂、铜箔、电子用挠性材料、显示材料、封装材料、绝缘材料，自有房屋出
租。从事非配额许可证管理、非专营商品的收购出口业务。提供产品服务、技术服务、咨询服务、加工服务和
佣金代理（拍卖除外）。",制造业,广东
C600184,北方光电股份有限公司,"North Electro-Optic Co.,Ltd.",光电股份,600184,军用光电装备、光电仪器产品、信息技术产品、太阳能电池及太阳能发电系统、光学玻璃、光电材料与元器件、磁盘微晶玻璃基板的开发、设计、加工制造及销售；铂、铑贵金属提纯、加工；陶瓷耐火材料生产、销售；计量理化检测、设备维修；经营本企业自产产品及技术的出口业务；经营本企业生产所需的原辅材料、仪器仪表、机械设备、零配件及技术的进出口业务（国家限定公司经营和国家禁止进出口的商品及技术除外）；与上述业务相关的技术开发、技术转让、技术咨询与服务；其他法律许可的范围。,制造业,湖北
C600185,格力地产股份有限公司,"Gree Real Estate Co.,ltd",格力地产,600185,    实业投资、资产经营、房地产开发经营、物业管理、国内贸易（除专项规定外）、建筑材料的批发零售、代购代销。,房地产业,广东
C600186,河南莲花味精股份有限公司,Henan Lianhua Gourmet Powder Co.Ltd.,莲花味精,600186,"    味精、鸡精、酱油、醋、谷氨酸钠、谷氨酸等氨基酸、葡萄糖、方糖、面粉、谷朊粉、淀粉、素食、其他粮食加工品(谷物粉类制成品)生产、销售;相关副产品的生产销售;饲料、肥料、土壤调理剂的生产、销售(凭证);环保产品的生产、销售及普通货运(限分支机构经营);生物工程的科研(国家专项规定的除外);仓储(除可燃物资);进出口业务(国家限定公司经营或禁止进出的商品及技术除外);调味料(凭食品卫生许可证经营)。
",制造业,河南
C600187,黑龙江国中水务股份有限公司,"Heilongjiang Interchina Watertreatment Co.,Ltd.",国中水务,600187,"投资、建设、经营城市市政供排水项目及工程、生态环境治理工程,相关供排水技术和设备的开发、生产与销售, 并提供相关的供排水技术咨询服务(不含国家禁止和限制类项目)。",电力、煤气及水的生产和供应业,黑龙江
C600188,兖州煤业股份有限公司,Yanzhou Coal Mining Company Limited,兖州煤业,600188,煤炭采选、销售（其中出口应按国家现行规定由拥有煤炭出口权的企业代理出口）；矿区自有铁路货物运输；公路货物运输；港口经营；生产、销售、租赁、维修相关矿用机械；其他矿用材料的生产、销售；销售、租赁电器设备及销售相关配件；金属材料、机电产品、建筑材料、木材、橡胶制品、甲醇的销售；煤矿综合科学技术服务；矿区内的房地产开发，房屋租赁，并提供餐饮、住宿等相关服务；煤矸石系列建材产品的生产、销售；焦炭、铁矿石的销售；货物和技术进出口；仓储；汽车修理。,采掘业,山东
C600189,吉林森林工业股份有限公司,"Jilin Forest Industry Co., ltd.",吉林森工,600189,    经吉林省工商行政管理局核准，公司经营范围是：森林采伐（由分支机构凭许可证经营）、木材（由分支机构凭许可证经营）、木制品、人造板、林化产品加工和销售、道路运输、装卸搬运、食用菌、动植物、林副土特产品、森林旅游、机械、矿产开发、建材、保健食品、信息技术，自营和代理各类商品和技术的进出口，国家限定公司经营或禁止进出口的商品和技术除外；房地产开发﹑销售及咨询；房屋维修；电子商务和网上销售；建筑工程专业承包；商务信息咨询；危险品化学有机类。,农、林、牧、渔业,吉林省
C600190,锦州港股份有限公司,"Jinzhou Port Co., ltd",锦州港,600190,"港务管理，港口装卸，水运辅助业（除客货运输）；公路运输；物资仓储；建筑材料、农副产品、钢材、矿产品销售；煤炭批发经营；经营本企业自产产品及相关技术的出口业务；经营本企业生产科研所需的原辅材料、机械设备、仪器仪表及相关技术进口业务（国家限定公司经营和国家禁止进出口的商品及技术除外）；经营进料加工和""三来一补""业务；物流服务、投资管理咨询；水上移动通信业务；互联网信息服务；经济性信息咨询服务；会议服务；展览展示服务；法律法规禁止的不得经营，应经审批的，未获审批前不得经营。",交通运输、仓储业,辽宁
C600191,包头华资实业股份有限公司,"Baotou Huazi Industry Co., ltd.",华资实业,600191,生产、销售：糖（包括小包装民用糖）、食用酒精、无水酒精、颗粒粕等饲料；电子元器件；经营本企业生产的产品、所需原辅材料、仪器仪表及零配件和相关技术的进出口业务；机械设备制造及安装；批发、零售主要农作物杂交种子及亲本、常规种原种种子；杀虫剂、杀菌剂、除草剂、昆虫、植物生产调节剂；开展本企业对外合作生产和补偿贸易业务。（上述经营范围中涉及专项审批的，凭专项审批证件经营）,制造业,内蒙古
C600192,兰州长城电工股份有限公司,"Lanzhou Greatwall Electrician Co., ltd.",长城电工,600192,发电、配电、用电及控制成套装置系列产品及电器元件的研制、开发、生产和销售。,制造业,甘肃
C600193,上海创兴资源开发股份有限公司,"Shanghai Prosolar Resource Co., ltd",创兴资源,600193,1、产业投资；2、铁矿开采，铁精粉生产销售；3、有色金属、稀贵金属采、选、冶炼；4、非金属矿及相关副产品的冶炼、压延加工与深加工；相关的硫化工及其延伸产品、精细化工产品；5、高新技术产品的开发。,综合类,上海
C600195,中牧实业股份有限公司,"China Animal Husbandry Industry Co.,Ltd.",中牧股份,600195,许可经营项目：饲料原料、饲料、饲料添加剂、动物保健品、畜禽制品及其相关产品的加工、生产；代理中牧实业股份有限公司下属兽用生物制品生产企业的兽用疫苗、兽用诊断制品（经营产品和类别见有效委托代理、销售协议，不含强制免疫兽用生物制品），销售兽用化学药品，抗生素、原料药、中成药、生化药品、外用杀虫剂、消毒剂（兽药经营许可证有效期至2016年12月26日）。一般经营项目：饲料原料、饲料、饲料添加剂、动物保健品、畜禽制品及其相关产品的销售；畜牧业生产资料的销售；研究开发饲料新品种、饲料新技术；与以上项目相关的技术咨,制造业,北京
C600196,上海复星医药(集团)股份有限公司,"Shanghai Fosun Pharmaceutical (Group) Co.,Ltd.",复星医药,600196,生物化学产品，试剂，生物四技服务，生产销售自身开发的产品，仪器仪表，电子产品，计算机，化工原料(除危险品)，咨询服务；经营本企业自产产品及相关技术的出口业务，经营本企业生产、科研所需的原辅材料、机械设备、仪器仪表、零配件及相关技术的进口业务。,制造业,上海
C600197,新疆伊力特实业股份有限公司,"Xinjiang Yilite Industry CO.,LTD",伊力特,600197,白酒生产和销售；农业综合开发；农副产品（粮食收储、批发及棉花除外）加工和销售；纸箱、饮料生产和销售；机电产品、化工产品（汽车及国家有专项审批规定的产品除外）、五金交电产品的销售；火电发电（限所属分支机构经营）；日用百货；针纺织品；职工培训；经营本企业自产产品的出口业务；经营本企业生产所需的机械设备、零配件、原辅材料的进出口业务；经营加工贸易和补偿贸易业务（具体范围以资格证书为准）。,制造业,新疆
C600198,大唐电信科技股份有限公司,"Datang Telecom Technology Co.,Ltd.",大唐电信,600198,许可经营项目：制造电子及通信设备、移动电话机、仪器仪表、文化办公设备；生产、销售安全防范产品及安全防范工程设计施工（仅限成都分公司经营）；第二类增值电信业务中的信息服务业务（不含固定网电话信息服务和互联网信息服务）。一般经营项目： 制造电子计算机软硬件及外部设备；技术开发、技术转让、技术咨询、技术服务；销售电子及通信设备、移动电话机、仪器仪表、文化办公设备、电子计算机软硬件及外部设备、系统集成、光电缆、微电子器件、机械设备、电气设备、空调设备、通信基站机房节能设备、专业作业车辆；安装机械设备、电?,信息技术业,北京
C600199,安徽金种子酒业股份有限公司,"Anhui Golden Seed Winery Co.,Ltd.",金种子酒,600199,白酒的生产与销售；皮革、包装材料的加工、制造与销售；自营和代理各类商品和技术进出口业务（国家限定企业经营或禁止进出口的商品和技术除外）。,制造业,安徽
C600200,江苏吴中实业股份有限公司,"Jiangsu Wuzhong Industrial Co., ltd.",江苏吴中,600200,服装，工艺美术品［金银制品除外］、不锈钢制品、照相器材、皮革及制品、箱包的制造、销售，国内贸易（国家有专项规定的办理许可证后经营），房地产开发、经营，原料药、输液剂、注射剂、冻干针剂、片剂、硬胶囊剂、栓剂制造、销售（限指定的分支机构领取许可证后经营）。本企业自产的服装、绣什品、床上用品、工艺美术品、箱包、皮革及制品、不锈钢制品、药品、原料药出口业务，本企业生产、科研所需的原辅材料、机械设备、仪器仪表、零配件进出口业务。,制造业,江苏
C600201,内蒙古金宇集团股份有限公司,Inner Mongolia Jinyu Group Co. Ltd,金宇集团,600201,（国家法律、法规规定应经审批的，未获审批前不准生产经营）生物药品投资管理，毛纱加工，精纺毛织品制造，高新技术开发应用；经销金属材料、化工原料、木材、水泥；房地产开发；自有房屋租赁、房屋中介。,制造业,内蒙古
C600202,哈尔滨空调股份有限公司,"Harbin Air Conditioning Co.,Ltd.",哈空调,600202,"空气冷却冷凝设备、高、中、低压换热器、制冷空调设备、环保除尘设备、散热器制造及技术服务、技术咨询；仓储、货物运输（分支机构）；经销有色金属、黑色金属、机械设备、五金交电、建筑材料、化工原料（国家限定的除外）；按外经贸部批准的范围经营进出口业务，承包与其实力、规模、业绩相适应的国外工程项目，对外派遣实施上述境外工程所需的劳务人员；开展本企业的""三来一补""业务。",制造业,黑龙江
C600203,福建福日电子股份有限公司,"Fujian Furi Electronics Co.,Ltd.",福日电子,600203,计算机硬件及外围设备、软件及系统集成、微电子、电子产品及通讯设备、家用电器、电子元器件的制造、销售；照明灯具，光电材料、器件及其应用（配套）产品，移动通信终端（含手提电话等），电力设备及其自动化系统研发、制造和销售；光电照明工程设计、施工和服务；光电照明工程技术咨询服务；电子信息技术服务；对外贸易；光学玻璃及玻璃纤维、工程塑料、轻工产品、纺织品、服装的加工、销售；电力设备及器材、电工设备及器材、机械设备、五金、仪器仪表、建材、化工产品（不含危险化学品）、金属材料、矿产品（不含煤炭）、百货、饲料（,制造业,福建
C600205,山东铝业股份有限公司,"Shandong Aluminium Industry Co.,Ltd",S山东铝,600205,氧化铝、氢氧化铝、化学品氧化铝；金属镓及其化合物；电解铝、铝合金、铝加工产品、建筑幕墙设计、施工；建筑门窗的制作、安装、销售；碳素制品；热力、电力产品以及与上述产品相关的业务。铝矿石（铝矾土）收购与发运。,制造业,山东
C600206,有研半导体材料股份有限公司,"GRINM Semiconductor Materials Co.,Ltd.",有研硅股,600206,    研究、开发、生产和销售单晶硅、锗、化合物半导体高新材料及其制品。半导体行业的技术开发、技术转让和技术咨询服务。经营本企业和成员企业自产产品及技术出口业务；本企业和成员企业生产所需的原辅材料、仪器仪表、机械设备、零配件及技术的进出口业务（国家限定公司经营和国家禁止进出口的商品除外） ；经营进口加工和“三来一补”业务。,制造业,北京
C600207,河南安彩高科股份有限公司,"Henan Ancai Hi-tech Co., ltd.",安彩高科,600207,彩色显像管玻壳、彩色显示器玻壳、节能灯、电子特种玻璃新产品、新型显示技术产品、光伏玻璃（太阳能玻璃、精细玻璃、工程玻璃、平板玻璃)的研发、制造、销售，本企业自产的机电产品、成套设备及相关技术的出口业务；本企业生产、科研所需的原辅材料、机械设备、仪器仪表及零部件的进口业务；天然气输送管网建设的管理，天然气相关产品开发及综合利用，车用燃气加气站，天然气加气母站储运,制造业,河南
C600208,新湖中宝股份有限公司,"Xinhu Zhongbao Co., ltd",新湖中宝,600208,实业投资。批发、零售：百货、针纺织品、五金交电、石化、化工产品（不含化学危险品）、建筑材料、金属材料、木竹材、家俱、黄金饰品、珠宝玉器、电子计算机及配件、电子产品、通讯设备（不含无线）、机电设备、煤炭。进出口业务（详见外经贸部批文）。投资管理与信息咨询、服务。国内广告及设计制作发布。电子计算机网络系统及软件研究开发和技术服务。房地产中介服务。,房地产业,浙江
C600209,罗顿发展股份有限公司,"Lawton Development Co.,Ltd.",罗顿发展,600209,宾馆酒店投资；酒店管理与咨询；企业管理与咨询；装饰工程设计、咨询及施工；电子产品；生产销售网卡、调制解调器、铜轴调制解调器、数字用户环路设备、以太网交换机、路由器、交换路由器、基站、基站控制器、移动通讯终端、接入网及相关设备。,综合类,海南
C600210,上海紫江企业集团股份有限公司,"Shanghai Zijiang Enterprise Group Co., ltd",紫江企业,600210,生产销售PET瓶及瓶坯等容器包装、各种瓶盖、标签、涂装材料和其他新型包装材料；销售自产产品；从事货物及技术的进出口业务、包装印刷。（涉及许可经营的凭许可证经营）。,制造业,上海
C600211,西藏诺迪康药业股份有限公司,Tibet Rhodiola Pharmaceutical Holding Co.,西藏药业,600211,生产销售诺迪康胶囊、诺迪康颗粒、诺迪康口服液、小儿双清颗粒，藏药产品、卫生保健品的经营。自营进出口经营权：进口医疗器械、保健用品、化妆品。出口（本公司生产的系列产品）中成药、藏药、原料药、药材、保健食品。（以上项目涉及行政许可的，凭行政许可证或审批文件经营。,制造业,西藏
C600212,山东江泉实业股份有限公司,"Shan Dong Jiang Quan Industry Co.,Ltd.",江泉实业,600212,"    前置许可经营项目：电力生产业务许可证范围内发电（有效期至2028年8月24日）。
    一般经营项目：塑料产品、搪瓷制品、陶瓷制品、金属制品、铸件、建筑材料的生产、销售；胶合板、木业制品、木材、化肥的销售；技术开发、转让；批准范围内的进出口业务，经营进料加工和""三来一补""业务；协议范围内铁路专用线运输业务。（以工商部门核准的内容为准）。",电力、煤气及水的生产和供应业,山东
C600213,扬州亚星客车股份有限公司,"Yangzhou Yaxing Motor Coach Co.,Ltd.",亚星客车,600213,客车、特种车、农用车和汽车零部件的开发、制造、销售、进出口及维修服务；机动车辆安全技术检验。,制造业,江苏
C600215,长春经开(集团)股份有限公司,"Changchun jingkai (Group) Co., Ltd.",长春经开,600215,房地产开发、公用设施投资、开发、建设、租赁、经营、管理；实业与科技投资。,房地产业,吉林省
C600216,浙江医药股份有限公司,"Zhejiang Medicine Co., ltd",浙江医药,600216,"药品生产、预包装食品批发、保健食品生产。以下限分支机构凭有效许可证经营：药品生产销售、化工中间体、食品添加剂、饲料添加剂、添加剂预混合饲料、原料药（维生素E）的生产，预包装食品零售，危险化学品的生产（储存），工业氢（合格品）的生产，货运，药品经营。一般经营项目：化工产品（不含危险品）、饲料添加剂、卫生材料、制药机械、消字号产品、化妆品、化学试剂（不含危险品）的销售，技术开发，经营进出口业务及进料加工和""三来一补""业务，医疗器械（限一类）的零售。（上述经营范围不含国家法律法规规定禁止、限制和许可经营?",制造业,浙江
C600217,陕西秦岭水泥(集团)股份有限公司,"Shaanxi Qinling Cement Co.,ltd",秦岭水泥,600217,"水泥、水泥熟料及水泥深加工产品、水泥生产及研究开发所需原料、设备配件、其他建材的生产、销售;相关产品的销售、运输;与水泥产品相关的技术服务。
",制造业,陕西
C600218,安徽全柴动力股份有限公司,"Anhui Quanchai Engine Co., ltd.",全柴动力,600218,内燃机、拖拉机、农用车、工程机械、环保机械、收获机械、生物工程机械、零配件、塑料制品、建筑材料生产、研制、开发、销售、出口、技术咨询；本企业所属的机械设备、零配件、原辅材料的进口业务。,制造业,安徽
C600219,山东南山铝业股份有限公司,"Shandong Nanshan Alumium Co., ltd.",南山铝业,600219,"    前置许可经营项目：许可证范围内电力生产、（以下限分支机构经营）天然气销售。 
    一般经营项目：石墨和碳素制品，铝及铝合金制品开发、生产、加工、销售；批准范围的自营进出口、进料加工和'三来一补'业务（以上国家有规定的须凭许可批准经营）；装饰装修及铝合金结构制品、铝门窗的安装（须凭资质证书经营）；模具设计与制造；燃气灶具、金属材料、机械设备销售；铝合金压力加工工程和技术研究开发、技术咨询、技术服务；检验测试。",制造业,山东
C600220,江苏阳光股份有限公司,"Jiangsu Sunshine Co., ltd.",江苏阳光,600220,"呢绒、毛纱、毛线、针纺织品、服装、纺织机械及配件制造、销售、毛洗净分梳、纺织原料（皮棉除外）、金属材料、建筑材料、装璜材料、五金、电子产品及通信设备（卫星地面接收设施除外）、玻璃销售。出口本企业生产的呢绒、毛纱、针织绒及服装, 进口企业生产研究所需的原辅材料、机械设备、仪器仪表、零配件.",制造业,江苏
C600221,海南航空股份有限公司,Hainan Airlines Company Limited,海南航空,600221,国际、国内（含港澳）航空客货邮运输业务；与航空运输相关的服务业务；航空旅游；机上供应品；航空器材；航空地面设备及零配件的生产；候机楼服务和经营；保险兼业代理服务（限人身意外险）。,交通运输、仓储业,海南
C600222,河南太龙药业股份有限公司,"Henan Taloph Pharmaceutical Stock Co.,Ltd",太龙药业,600222,药品生产、销售（限公司及分支机构凭有效许可证经营）；药用植物的种植、销售（按国家有关规定）；咨询服务，技术服务；经营本企业自产产品及相关技术的进出口业务（国家限定公司经营或禁止进出口的商品及技术除外）。,制造业,河南
C600223,鲁商置业股份有限公司,"Lushang Property Co.,Ltd.",鲁商置业,600223,房地产开发与经营管理；物业管理；建筑安装及建筑装饰（以上凭资质经营）；房地产销售代理及资询；工程管理服务；日用品、服装、鞋帽、纺织品、五金交电、工艺美术品、家具、电子设备、办公用品、皮革制品、建材销售,房地产业,山东
C600225,天津松江股份有限公司,"Tianjin Songjiang Co., ltd.",天津松江,600225,以自有资金对房地产、高新技术产业、公用事业、环保业、物流业、能源、建材、建筑行业、文教体育卫生行业、旅游业、餐饮娱乐业、传媒业、园林绿化业进行投资；道路、桥梁开发、建设；证券投资；沿线附属设施开发、建设、经营、管理；房地产开发；商品房销售；房屋租赁。,房地产业,天津
C600226,浙江升华拜克生物股份有限公司,"Zhejiang Shenghua Biok Biology Co.,Ltd.",升华拜克,600226,马杜霉素、阿维菌素、伊维菌素、迪克拉苏、盐霉素兽药、农药原料药及制品，相关饲料添加剂的生产、销售，兽药生产（范围详见《中华人民共和国兽药生产许可证》），肥料生产、热电联供（均凭有关许可证经营）。出口本企业自产的医药及化工产品，进口本企业生产、科研所需的原辅材料、机械设备、仪器仪表及零配件（凭外经贸部批准文件）。,制造业,浙江
C600227,贵州赤天化股份有限公司,"Guizhou Chitianhua Co.,ltd.",赤天化,600227,"氮肥、磷肥、复合（混）肥、合成氨等化学肥料、其他基础化学原料、硫磺等化工产品及原料、包装袋、农膜等塑料制品、精细化工产品(不含化学危险品)的生产、购销、技术开发；生产工业用氮、生产工业用氧、生产工业用氢；购销甲醇、二甲醚、双氧水、甲醛、氢氧化钠等化工产品；房屋、土地租赁；纸浆、纸及纸产品购、销；粮、油及农副产品购、销；建材产品购、销；资本营运及相关投资业务""。",制造业,贵州
C600228,江西昌九生物化工股份有限公司,"Jiangxi Changjiu Biochemical Industry Co.,Ltd.",昌九生化,600228,    聚丙烯酰胺、双氧水、甲醇、白炭黑、液体二氧化碳、过氧乙酸、氢气、氧气、氮气、硫、塑料管材、尿素、合成氨等化工原料、环保及生化产品的研制、生产和销售。,制造业,江西
C600229,青岛碱业股份有限公司,Qingdao Soda Ash Industrial Company Ltd.,青岛碱业,600229,"    许可经营项目：生产、销售：纯碱，化工产品（不含危险品）；蒸汽供应。
    一般经营项目：货物和技术的进出口；海水、白泥管道运输；普通机械设备安装、维修；建筑工程。
    （以上经营范围需经许可经营的，须凭许可证经营）”",制造业,山东
C600230,沧州大化股份有限公司,Cangzhou Dahua Co.ltd,沧州大化,600230,    尿素、合成氨、硝酸的生产；工业循环水的生产、销售；化工机械、电气、仪表的技术服务；货物进出口；（以下限分支机构经营，取得安全生产许可证后方可正式生产）：甲苯二异氰酸酯（TDI）、二硝基甲苯（DNT）、盐酸、邻甲苯二胺（OTD）、烧碱、液氯、硫酸、次氯酸钠、芒硝、氯化氢的生产。,制造业,河北
C600231,凌源钢铁股份有限公司,"Lingyuan Iron & Steel Co., ltd",凌钢股份,600231,冶金产品生产、经营、开发；氧（压缩的、液化的）、氮（压缩的、液化的）、氩（压缩的、液化的）、氢气制造；经营产品的进出口业务。以下经营项目由取得有关行政审批或许可的本公司独资公司经营：黑色金属矿石开采；黑色金属矿石洗选及深加工；冶金机械制造及备件加工；冶金产品经营项目的开发、设计、安装及管理；公路运输；铁矿石及铁精粉收购；住宿、餐饮服务；房地产开发经营；建筑工程设计施工；道路与土方工程施工；房屋拆迁；室内外装饰、装修；房屋租赁；物业管理（国家禁止或限制的，不得经营；应取得有关部门审批、许可或者资质,制造业,辽宁
C600232,浙江金鹰股份有限公司,"Zhejiang Golden Eagle Co.,Ltd.",金鹰股份,600232,"机械制造、纺织品、丝绸、服装生产、加工，黑色及有色金属、机电及机配件、五金化工、轻纺及桑蚕绢纺原料、燃料、木材的购销，亚麻种植与购销，饮食服务，经营本企业或本企业成员企业自产产品及相关技术的出口业务，经营本企业或本企业成员企业生产、科研所需原辅材料、机械设备、仪器设备、零配件等商品及相关技术的进口业务，开展""三来一补""业务""。",制造业,浙江
C600233,大连大杨创世股份有限公司,"Dalian Dayang Trands Co., ltd",大杨创世,600233,服装制造、包装制品、服饰辅料制造（以上由下属公司经营）；商业贸易（不含专项审批）；进出口业务（许可范围内）,制造业,辽宁
C600234,太原天龙集团股份有限公司,"Tai Yuan Tianlong Group Co.,Ltd",*ST天龙,600234,"生产及销售VCD机、DVD机、功放、音箱等电子产品及家用电器(涉及许可证的项目,须领证后才能经营)；开发、生产、销售有线电话、无绳电话、移动电话等通讯器材及其他消费性数字电子产品；销售焦碳、生铁及其他矿产品；汽车及其零部件销售。批发零售副食品及其它食品(除售烟)、针纺织品、百货、劳保用品、日用杂品、五金交电、化工产品、普通机械、通讯设备、卫生洁具、建材家具、装璜材料、服装、音响器材、医疗器械、营养保健品、音像制品、零售烟、黄金饰品、食品加工、零售粮油、盐、住宿、餐饮、服务、娱乐、旅游；停车服务、自有房屋租?",批发和零售贸易,山西
C600235,民丰特种纸股份有限公司,"Minfeng Special Paper Co., ltd.",民丰特纸,600235,纸浆、纸和纸制品（含烟草专卖生产许可的卷烟纸）的制造、销售，造纸设备的设计、制造、安装、维修和技术服务；机械配件的制造、加工；车船及机械设备维修；化工原料(不含危险品)、热、电、水的生产；按国家对外经济贸易部批准范围从事进出口业务；仓储服务（不含危险品）；包装装潢、其他印刷品印刷（限分支机构，凭《印刷经营许可证》经营）。,制造业,浙江
C600236,广西桂冠电力股份有限公司,"Guangxi Guiguan Electric Power Co.,Ltd.",桂冠电力,600236,开发建设和经营水电站、火电厂及各种类型的电厂；经营房地产；电力、金融有关的经济、技术咨询；宾馆、餐饮、娱乐等服务业；机械、电子、百货等的批发和零售。,,广西
C600237,安徽铜峰电子股份有限公司,Anhui Tongfeng Electronics Company Limited,铜峰电子,600237,电工薄膜、金属化膜、电容器、聚丙烯再生粒子、电力节能装置、电子材料、元器件的生产、研究、开发、销售及科技成果转让；化工产品、日用或精细化工产品、金属材料及制品、机械设备、电子产品、家用电器、包装材料、塑料膜（绝缘材料）、建材生产、销售及加工服务。建筑智能化系统集成、安全防范系统工程的设计、施工与维护、计算机系统集成及信息技术服务,制造业,安徽
C600238,海南椰岛(集团)股份有限公司,"Hainan Yedao （group）co., ltd",海南椰岛,600238,室内外装修；道路运输服务；保健酒的生产；粮食、药酒、含酒精饮料、啤酒、不含酒精饮料、医疗保健品、营养食品、粮酒食品、副食品、发酵制品、服装、鞋帽、化妆品、洗涤用品、日用百货、五金工具、钢材、建筑材料、装饰材料、工程机械、食品机械、保健制品的销售；淀粉及其制品生产和销售；商品信息咨询服务；文具、服饰、糖及制品代理销售；房地产开发。,制造业,海南
C600239,云南城投置业股份有限公司,"Yunnan  Metropolitan Real Estate Development Co.,Ltd",云南城投,600239,房地产开发与经营、商品房销售、房屋租赁、基础设施建设投资、土地开发、项目投资与管理。,房地产业,云南
C600240,北京华业地产股份有限公司,"Beijing Huaye Realestate Co.,Ltd",华业地产,600240,房地产开发（不含土地成片开发；高档宾馆、别墅、高档写字楼和国际会议中心的建设、经营；大型主题公园的建设、经营）；矿业投资。,房地产业,北京
C600241,辽宁时代万恒股份有限公司,Liaoning Shidai Wanheng Inc.,时代万恒,600241,自营和代理各类商品及技术进出口业务（国家规定的专营进出口商品和国家禁止进出口等特殊商品除外），及上述商品的研究、设计、开发及内销业务；房地产开发；服装加工，面料印染；仓储服务；项目投资及投资项目管理；写字间出租及物业管理。,制造业,辽宁
C600242,中昌海运股份有限公司,Zhongchang Marine Company Limited.,中昌海运,600242,经营沿海、内河货物运输，船舶租赁、买卖，货物代理、代运业务，现代物流、仓储服务（不含危险化学品及易燃易爆物品），航道疏浚、港口、海洋工程及配套工程，为油田的勘探、开发、生产提供船舶服务，海洋养殖、海洋捕捞、渔船修理、海产品加工、旅游、酒店、娱乐、饮食服务、房地产开发（以上经营项目另设分支机构经营）；海产品收购；实业投资；农业开发；信息技术开发与咨询；销售家电及五金交电、建筑装修材料。,农、林、牧、渔业,广东
C600243,青海华鼎实业股份有限公司,"Qinghai Huading Industrial C0., ltd.",青海华鼎,600243,高科技机械产品开发、制造，数控机床、加工中心、专用机械设备、石油机械、环保设备、食品机械的制造和销售；技术服务及咨询；电热设备、电子产品、家用电器、制冷设备、不锈钢制品的制造与销售；经营国家禁止和指定公司经营以外的进出口商品；经营进出口代理业务；经营房屋租赁业务。,制造业,青海
C600246,北京万通地产股份有限公司,"Beijing Vantone Real Estate Co.,Ltd",万通地产,600246,房地产开发；销售商品房；停车场建设及经营管理；信息咨询（不含中介）；技术咨询；劳务派遣；股权投资及管理；资产管理。,房地产业,北京
C600247,吉林成城集团股份有限公司,"Jilin Chengcheng Group Co., ltd",成城股份,600247,企业利用自有房屋对外出租；机械设备、五金交电及电子产品批发、零售：计算机软件开发及技术咨询、服务；仓储业；污水处理及其再生利用（需专项审批除外）。进出口贸易（国家法律法规禁止的进出口商品除外）、有色金属经销； 经营方式：租赁、批发、零售、服务。,批发和零售贸易,吉林省
C600248,陕西延长石油化建股份有限公司,"Shaanxi Yanchang Petroleum Chemical Engineering Co.,Ltd.",延长化建,600248,化工石油工程施工、市政公用工程施工、房屋建筑工程施工总承包；机电设备安装工程、防腐保温工程、土石方工程、钢结构工程、消防设施工程专业承包；小型平面定轮闸门、中型弧形闸门的制造、安装；球形储罐现场组焊；第一类压力容器、第二类低、中压容器的制造、销售；设备吊装、运输；汽车大修、总成修理、维修、小修及汽车专项修理；油气勘探开发配套管材、设备、材料销售及对外工程承包；石油化工设备制造、销售；机械制造、安装、销售等业务。土地综合开发，化工、机电、百货的销售；自营和代理各类商品和技术的进出口（国家限定公司经,建筑业,陕西
C600249,柳州两面针股份有限公司,"Liuzhou Liangmianzhen Co.,Ltd.",两面针,600249,牙膏（国家专项规定的除外）、发用化妆品、香皂、膏霜、香水类、牙刷、旅游用品、家用卫生用品、包装用品、日用化学品、洗涤用品的生产销售；纸及纸制品生产、销售；纸品加工，牙膏原材料生产、销售；自营和代理各类商品和技术的进出口（但国家限定公司经营或禁止进出口的商品和技术除外）；日用百货、五金交电、服装鞋帽、化工产品及原料（不含易燃易爆危险品）、纸及纸制品、塑料及其制品、金属材料的购销。,制造业,广西
C600250,南京纺织品进出口股份有限公司,"Nanjing Textiles Imp\/exp Corp., ltd.",南纺股份,600250,"纺织品进出口及代理进出口业务，""三来一补""，承办中外合资，经营合作生产业务，经营国家放开经营的其他商品进出口业务（按外经贸部批文）；百货，五金交电，电子产品，化工产品，化工原料，金属材料，建筑材料的销售；对外劳务合作业务；对外派遣工程，生产及服务行业的劳务人员（不含海员）；煤炭批发经营；金银制品、珠宝首饰的销售与批发。",批发和零售贸易,江苏
C600251,新疆冠农果茸集团股份有限公司,"Xingjiang Guannong Fruit & Antler Group Co., Ltd.",冠农股份,600251,果业种植、仓储、加工及销售；农业综合开发；马鹿养殖；机电设备（汽车及国家有专项审批规定的除外）、五金交电产品、百货、建筑材料、化工产品（有毒除外）、钢材的销售。包装制品的开发、加工、销售。自营和代理各类商品和技术的进出口，但国家限定公司经营或禁止进出口的商品和技术除外。开展边境小额贸易出口业务。经营本企业自产产品及相关技术的出口业务、经营本企业生产、科研所需的机械设备、零配件、原辅材料的进口业务，经营进料加工和'三来一补'。鹿产品的加工及销售。,制造业,新疆
C600252,广西梧州中恒集团股份有限公司,"Guangxi Wuzhou Zhongheng Group Co., ltd.",中恒集团,600252,对医药、能源、基础设施、城市公用事业、酒店旅游业、物流业的投资与管理；房地产开发与经营（二级）、投资；自有资产经营与管理；国内商业贸易（除国家有专项规定以外）。,制造业,广西
C600253,河南天方药业股份有限公司,"Henan Topfond Pharmaceutical Co.,Ltd.",天方药业,600253,"片剂、胶囊剂、颗粒剂、大容量注射剂、小容量注射剂、口服液、酊剂、软膏剂、眼膏剂、糖浆剂、散剂、原料药（以上范围按许可证经营），经营本企业自产产品及相关技术的出口；经营本企业生产、科研所需的原辅材料、机械设备、仪器仪表、零配件及相关技术的进出口业务。经营本企业的进料加工和""三来一补""业务。（国家禁止和限制的除外）",制造业,河南
C600255,安徽鑫科新材料股份有限公司,"Anhui Xinke New Materials Co.,Ltd.",鑫科材料,600255,铜基合金材料、金属基复合材料及制品、超细金属及特种粉末材料、稀有及贵金属材料（不含金银及制品）、粉末冶金及特种材料、特种电缆、电工材料及其它新材料开发、生产、销售；本企业自产产品及技术出口以及本企业生产所需的原辅材料、仪器仪表、机械设备、零配件及技术进出口业务。,制造业,安徽
C600256,广汇能源股份有限公司,"Guanghui Energy Co.,Ltd.",广汇能源,600256,"许可经营项目：煤炭销售。一般经营项目：液化天然气、石油、天然气、煤炭、煤化工、清洁燃料汽车应用、加注站建设的项目投资与技术服务等；煤炭批发经营；一般货物与技术的进出口经营；国内商业购销。"" （具体以工商登记为准）",房地产业,新疆
C600257,大湖水殖股份有限公司,"Dahuaquaculture Co., ltd.",大湖股份,600257,水产品、水禽养殖、加工、销售及深度综合开发；生物工程（国家有专项规定的除外）研究、开发；经营本企业自产产品及技术的出口业务，经营本企业生产所需的原辅材料、仪器仪表、机械设备、零配件及技术的进口业务（国家限定公司经营和禁止进出口的商品及技术除外），经营进料加工和”三来一补“业务；广告的策划、设计、制作、发布、代理；酒店、餐饮、娱乐经营；食品、饮料、机械电子设备、建筑材料（不含硅酮胶）、五金、交电、百货、纺织品及政策允许的化工产品，金属材料，矿产品的销售；包装材料的加工销售。,农、林、牧、渔业,湖南
C600258,北京首旅酒店(集团)股份有限公司,"BTG Hotels (Group) Co., Ltd.",首旅酒店,600258,项目投资与管理；饭店经营与管理；物业管理；出租商业用房；旅游服务；旅游产品开发、销售；出租汽车客运；信息咨询；承办展览展示活动；餐饮服务；设计、制作、代理、发布国内及外商来华广告；信息咨询；技术开发、技术服务、技术咨询。餐饮服务（含凉菜、含裱花蛋糕、含生食海鲜产品）；住宿；酒吧；洗衣服务；零售卷烟、雪茄烟；零售、出租音像制品；销售食品、书刊、二类普通诊察器械（不含未经行业主管部门批准的）、医用橡胶制品；公开发行的国内书刊；戏剧表演、接待文艺演出；健身；棋；牌；台球；保龄球；旅游接洽；代客订购车票,社会服务业,北京
C600259,广晟有色金属股份有限公司,"Rising Nonferrous Metals Share Co., Ltd.",广晟有色,600259,有色金属（含稀有稀土金属）矿采选与贵金属矿采选项目的投资及管理；有色金属（含稀有稀土金属）冶炼、贵金属冶炼；有色金属合金制造、有色金属压延加工；有色金属产品的收购、加工和销售；物流运输仓储（危险品除外）项目的投资及管理；建筑材料、机械设备及管道安装、维修；有色金属矿冶炼科研设计；有色金属企业管理信息咨询服务；化工产品（危险品除外）、有色金属、建筑材料国内贸易；项目投资。（凡需行政许可的项目凭许可证经营）,采掘业,海南
C600260,湖北凯乐科技股份有限公司,"Kaile Technology Co.,ltd.Hubei",凯乐科技,600260,塑料硬管及管件、软管、管材、塑料零件及塑料土工合成材料、网络光缆塑料护套材料、装饰材料、建筑材料的制造及销售；化工产品（不含化学危险品及国家限制的化学品）、光纤、光缆产品、通信电缆、化工新材料（不含化学危险品及国家限制经营的化学物品）的制造与销售；市政工程、基础设施工程；饮食服务、文化娱乐服务；兼营钢材销售及对外投资；散装食品、预包装食品批发兼零售（经营期限与许可证核定的经营期限一致）。,制造业,湖北
C600261,浙江阳光照明电器集团股份有限公司,"ZheJiang YanKon Group Co.,Ltd",阳光照明,600261,照明电器及其仪器设备的开发、制造、销售、服务；电工、电器及其原辅材料、照明电器原辅材料、元器件、仪器设备的销售；生产和销售LED照明产品、LED技术开发与服务；照明系统的设计安装，节能环保工程的承接和综合技术服务，经营进出口业务和对外经济合作业务（以工商局核准为准）。,制造业,浙江
C600262,内蒙古北方重型汽车股份有限公司,"Inner Mongolia North Hauler Joint Stock Co.,Ltd.",北方股份,600262,开发、制造各种型号的 “特雷克斯”牌的非公路（或工矿两用）自卸汽车，以及铲运机、装载机、推土机、挖掘机等工程机械及相应的零部件，销售自产产品并提供售后服务，产品及零部件维修（包括大修）业务，保税库业务。,制造业,内蒙古
C600263,路桥集团国际建设股份有限公司,"CrbcInternationalCo.,Ltd",路桥建设,600263,公路、桥梁、机场、港口、隧道、给水、排水及其他土木工程建设项目的总承包；建筑机械开发、制造、销售；实业投资；高科技产品的开发；公路收费经营；交通工程管理咨询；房地产咨询。,建筑业,北京
C600265,云南景谷林业股份有限公司,"Yunnan Jinggu Forestry Co.,ltd",*ST景谷,600265,脂松香、脂松节油、α蒎烯、β蒎烯等林产化工系列产品及相关技术的出口业务；经营本企业生产科研所需原辅材料、机械设备、仪器仪表、零配件及相关技术的进口业务，林产化工产品制造（不含管理商品），人造板，森林资源培育，木材采运、加工、林业技术开发研究，畜牧业。,农、林、牧、渔业,云南
C600266,北京城建投资发展股份有限公司,"Beijing Urban Construction Investment& Development Co., ltd.",北京城建,600266,房地产开发、销售商品房；投资及投资管理；销售金属材料、木材、建筑材料、机械电器设备；信息咨询(不含中介服务)；环保技术开发、技术服务；法律、法规禁止的，不得经营；应经审批的，未获审批前不得经营；法律法规未规定审批的，企业自主选择经营项目，开展经营活动。,房地产业,北京
C600267,浙江海正药业股份有限公司,"Zhejiang Hisun Pharmaceutical Co., ltd",海正药业,600267,"    许可经营项目：药品的生产，兽药的生产、销售。 
    一般经营项目：经营进出口业务。（上述经营范围不含国家法律法规规定禁止、限制和许可经营的项目。） 
    服务：医药相关产品及健康相关产品的技术开发、技术咨询、成果转让，临床试验数据的管理与统计分析，翻译，以承接服务外包方式从事数据处理等信息技术和业务流程外包服务""。（以最终获得工商部门核准登记的内容为准）",制造业,浙江
C600268,国电南京自动化股份有限公司,"Guodian Nanjing Automation Co.,Ltd.",国电南自,600268,    继电保护系统、控制系统、电力自动化系统、监测系统、管理信息系统、调度自动化系统、轨道交通等工业自动化系统、节能减排系统、储能工程系统、新能源及新技术的利用与开发系统、大坝及岩土工程系统、水电水资源自动化和信息化系统、视频监控及安全技术防范系统、计算机信息集成系统等的开发、设计、生产制造、销售、技术支持和咨询服务； 高低压电器及传动设备、智能测试设备、智能仪器仪表等产品的研发、设计、制造、销售和服务； 电力行业（新能源发电）建设工程、环境保护及水处理工程、电力及工矿企业建设工程等的开发、设计、生,制造业,江苏
C600269,江西赣粤高速公路股份有限公司,"Jiangxi Ganyue Expressway Co.,Ltd.",赣粤高速,600269,项目融资、建设、管理、经营；公路、桥梁和其他交通基础设施的投资、建设、管理、收费、养护管理以及公路、桥梁和其他交通基础设施的附属设施(汽车维修、加油站、餐饮、广告等)的开发和经营；高等级公路通讯、监控、收费系统及其设备、交通配套设施的生产、加工、销售及施工；交通工程咨询；苗圃和园林绿化；筑路材料加工和经营。,交通运输、仓储业,江西
C600270,中外运空运发展股份有限公司,"Sinotrans Air Transportation Development Co.,Ltd.",外运发展,600270,"    一般经营项目：承办空运进出口货物和过境货物的国际运输代理业务，包括：揽货、分拨、订舱、包机、仓储、中转、物流服务、国际多式联运、集装箱拼装拆箱、结算运杂费、报关、报验、保险、以及相关的短途运输服务及运输、咨询业务；与以上业务相关的咨询、服务、展览、技术交流；资产管理；实业投资；寄递业务（信件和其他具有信件性质的物品除外）。  
    许可经营项目：国际航线或澳门、台湾地区航线或者特殊管理的国内航空运输航线的航空客货销售代理业务（危险品除外）；国内航线除香港、澳门、台湾地区航线外的航空货运销售代理",交通运输、仓储业,北京
C600271,航天信息股份有限公司,Aisino Co.Ltd.,航天信息,600271,一般经营项目：计算机软件的技术开发、技术咨询和技术服务；企业管理咨询；计算机数据库服务；计算机软件、打印纸的销售；电子及通信设备、计算机及外部设备、智能机电产品、财税专用设备的研制、生产、销售；信息安全技术、信息技术、网络及终端技术、多媒体技术、工业自动化控制技术、环保技术、生物工程技术的开发、转让、咨询、培训；化工材料（不含危险化学品）销售；经济信息咨询；进出口业务；房屋租赁业务；智能卡及电子标签的研制、生产、销售；电子产品专业设备的研制、生产、销售、技术服务；物联网及传感网相关技术研发、生产,信息技术业,北京
C600272,上海开开实业股份有限公司,"Shanghai Kai Kai Industrial Co., ltd.",开开实业,600272,生产衬衫、羊毛衫、针绵织品、服装、鞋帽，纺织面料；内销日用百货，五金交电、一般工艺品、皮革制品、玻璃制品、雨具；销售自产产品并提供产品咨询及售后服务；自有房屋出租（涉及许可证凭许可证经营）；对外投资。,制造业,上海
C600273,华芳纺织股份有限公司,"HuaFang Textile Co,.Ltd",华芳纺织,600273,"针纺织品、服装制造,纺织原料销售,实业投资；经营本企业自产产品及技术的出口业务；经营本企业生产、科研所需的原辅材料、仪器仪表、机械设备、零配件及技术的进口业务(国家限定公司经营和禁止进出口的商品及技术除外)；经营进料加工和“三来一补”业务；污水处理、环保项目建设及管理。",制造业,江苏
C600275,湖北武昌鱼股份有限公司,"Hubei Wuchangyu Co., ltd",武昌鱼,600275,淡水鱼类及其它水产品养殖、畜禽养殖、蔬菜种植及以上产品的销售；饲料、渔需品的生产、销售；经营本企业自产水产品、蔬菜、牲猪（对港、澳地区除外）的出口业务；经营本企业生产、科研所需的原辅材料、机械设备、仪器仪表、零配件及相关技术的进口业务；科技服务及对相关产业投资。,农、林、牧、渔业,湖北
C600276,江苏恒瑞医药股份有限公司,"Jiangsu Hengrui Medicine Co., ltd.",恒瑞医药,600276,片剂（含抗肿瘤药）、口服溶液剂、混悬剂、无菌原料药（含抗肿瘤药）、原料药（含抗肿瘤药）、麻醉药品、精神药品、软胶囊剂（含抗肿瘤药）、冻干粉针剂（含抗肿瘤药）、粉针剂（抗肿瘤药、头孢菌素类）、大容量注射剂（含多层共挤输液袋、含抗肿瘤药）、小容量注射剂（含抗肿瘤药）、硬胶囊剂（含抗肿瘤药）、凝胶剂、乳膏剂的制造、销售（均按许可证核定内容经营）；一般经营项目：自营和代理各类商品及技术的进出口业务，但国家限定公司经营或禁止进出口的商品和技术除外。,制造业,江苏
C600277,内蒙古亿利能源股份有限公司,Inner Mongolia Yili Energy Company Limited,亿利能源,600277,"甘草、麻黄草等中药材的种植、收购、加工销售；建筑材料、化工产品（除专营）销售；经济林木种植、收购、加工销售；养殖业及其产品的收购、加工、生产销售；经营本企业自产产品及相关技术的出口业务；经营本企业生产科研所需的原辅材料，机械设备，仪器仪表，零配件及相关技术的出口业务；经营企业的进料加工和""三来一补""业务；电石的生产和销售（分支机构经营）；片剂、硬胶囊剂、口服溶液剂的生产（分支机构经营）；PVC管材的销售；工程机械租赁；煤炭的生产与销售；管理、技术咨询。（法律、行政法规、国务院决定规定应经许可的，未获?",制造业,内蒙古
C600278,东方国际创业股份有限公司,Orient International Enterprise Ltd.,东方创业,600278,自营和代理除国家统一组织或核定经营的进出口商品以外的商品及技术进出口业务，“三来一补”和进料加工、生物、医药、化工产品的开发、生产、销售，国际货运代理，实业和高新技术产业投资，对销贸易、转口贸易和服务贸易，批发（非实物方式）销售预包装食品（含冷冻冷藏、不含熟食卤味），乳制品（含婴幼儿配方奶粉）。,批发和零售贸易,上海
C600279,重庆港九股份有限公司,"Chongqing Gangjiu Co.,Ltd.",重庆港九,600279,"    许可经营项目：长江干线及支流省际普通货船运输（按许可证核定内容从事经营），码头，港口旅客运输服务经营，在港区内从事货物装卸、驳运、仓储经营，港口机械、设施、设备租赁、维修业务经营。
    一般经营项目：商品储存（不含危险物品），船舶修理，代办客货运输及中转业务，普通机械及船舶零部件的制造，物流配送（不含运输），销售汽车（不含九座及以下乘用车）、电器机械及器材、化工原料及产品（不含危险化学品）、建筑材料（不含危险化学品）、橡胶制品、塑料制品、木材及制品、百货、工艺美术品（不含金饰品），货物进出口",交通运输、仓储业,重庆
C600280,南京中央商场(集团)股份有限公司,"Nanjing Central Emporium Stocks Co., Ltd.",中央商场,600280,"    许可经营项目：定型包装食品、保健食品、糖、酒、乳制品、干果、蜜饯、饮料、冷饮、水果、茶叶销售；房地产经营；烟、音像制品零售；
    一般经营项目：百货、针纺织品、服装、鞋帽、文化体育用品、工艺美术品、五金交电、化工产品、照相器材、电子计算机及配件、仪器仪表、机械、电子设备、汽车（不含九座以下乘用车）、汽车配件、劳保用品、家具用具、建筑材料、金属材料、木材、陶瓷制品、水暖器材、日用杂品、土畜产品、科技产品销售；广告业务；自营和代理商业系统的出口业务；经营连锁企业配送中心批发商品和连锁企业自用商品",批发和零售贸易,江苏
C600281,太原化工股份有限公司,"Taiyuan Chemical Industry Co.,Ltd.",太化股份,600281,研制、开发、生产、销售、化工产品及原料，化肥、焦炭、煤气，生物化工产品，精细化工产品；贵金属加工（除金银）；机械制造；工业用水生产；服装加工；信息咨询；房地产开发；化工产品来料加工；货物运输；劳务服务；批发零售仪器仪表，五金交电，金属材料，木材，建材，磁材；经营进出口业务（法律、法规非禁止的），经营进料加工和三来一补业务。液氯充装。气瓶定期检验。批发零售钢材、不锈钢制品，加工、销售预拌商品混凝土，仓储、物流。,制造业,山西
C600282,南京钢铁股份有限公司,"Nanjing Iron & Steel Co.,Ltd.",南钢股份,600282,许可经营项目：煤焦油、苯的生产和销售。一般危险化学品：3类易燃液体；4类易燃固体、自燃物品和遇湿易燃物品；5类氧化剂和有机过氧化物；6类第1项毒害品（不含剧毒品，不含农药）；8类腐蚀品（所有类型不得储存）的销售。一般经营项目：黑色金属冶炼及压延加工；炼铁、炼钢及钢压延加工产品及其副产品的销售；焦炭、焦化副产品的生产和销售；自产产品销售；钢铁产业的投资和资产管理；钢铁技术开发和咨询服务；废旧金属、物资的回收、利用；自营和代理各类商品及技术的进出口业务。,制造业,江苏
C600283,钱江水利开发股份有限公司,"Qianjiang Water Resources Development Co., ltd",钱江水利,600283,水力发电，供水(限分公司生产)，污水处理，污泥处置，排水，水利资源开发，水利工程承包，水产养殖，实业投资，经济信息咨询（不含证券、期货咨询），旅游服务（不含旅行社）。,电力、煤气及水的生产和供应业,浙江
C600284,上海浦东路桥建设股份有限公司,Shanghai Pudong Road & Bridge Construction Co;ltd,浦东建设,600284,"道路、公路、桥梁、各类基础工程施工，设备安装, 装饰装修工程施工，园林绿化工程，建材研制及生产，水利和港口工程建筑，房屋工程建筑，公路管理与养护，市政公共设施管理，工程准备，房地产开发经营，实业投资，高新技术开发，汽配、机械加工, 国内贸易(除专项规定)，从事货物及技术的进出口业务；城市轨道交通工程。从事道路技术专业领域内的技术开发、转让、咨询、服务业务。",建筑业,上海
C600285,河南羚锐制药股份有限公司,"Henan Lingrui Pharmaceutical Co., Ltd",羚锐制药,600285,"药品、保健食品、医疗器械、消毒用品、日用品的生产、销售（凭证）；新产品、新技术的研究、开发与技术服务；自营本企业自产产品及相关技术的出口业务；自营本企业生产、科研所需的原辅材料、机械设备、仪器仪表、零配件及相关技术的进口业务；进料加工，""三来一补""；信息咨询服务；对房地产、技术贸易、文化教育、广告及宾馆行业的投资。",制造业,河南
C600287,江苏舜天股份有限公司,"Jiangsu Sainty Corp.,Ltd.",江苏舜天,600287,"自营和代理除国家组织统一联合经营的16种出口商品和国家实行核定公司经营的14种进口商品以外的商品及技术的进出口业务；开展""三来一补""、进料加工业务；经营对销贸易和转口贸易，国内贸易（国家有专项规定的办理许可证后经营），服装及纺织品的生产、加工。仓储，房屋租赁，室内外装饰，咨询服务。许可经营项目：危险化学品的批发（限按许可证所列经营项目）。",批发和零售贸易,江苏
C600288,大恒新纪元科技股份有限公司,"Daheng New Epoch Technology,Inc.",大恒科技,600288,光学、激光、红外元器件及设备、计算机软硬件、多媒体产品、办公自动化设备、医疗器械、精细化工及生物工程设备、音视频设备、通信导航产品、自动化控制设备、家用电器、电光源产品、高新技术产品的生产、开发、销售（国家有专项专营规定的除外）；商业、商品流通服务设施的建设的投资、经营；汽车（含小汽车）及配件的销售；机械、电子设备、黑色金属、仪器仪表、建筑材料、五金交电、化工产品及化工材料、轻工产品的组织生产、加工、销售、租赁、仓储运输。,信息技术业,北京
C600289,亿阳信通股份有限公司,Bright Oceans Inter-Telecom Corporation,亿阳信通,600289,计算机软、硬件技术开发、生产、销售及系统集成；通讯技术、网络信息安全技术和产品的研发、生产、销售及服务；无线网络规划设计及服务；通信设备、通信基站及配套设备、宽带网络产品及终端的生产、制造、销售；电信增值业务运营；高速公路机电系统、城市智能交通系统的咨询、设计、施工、管理运营、维护；公共安全技术防范工程设计、施工及维护；技术咨询、培训、服务、转让；国内贸易，自营和代理商品及技术进出口，经营进料加工和三来一补，经营对销贸易和转口贸易；室内装饰；仓储服务(法律行政法规禁止的不得经营）。,信息技术业,黑龙江
C600290,华仪电气股份有限公司,Huayi Electric Company Limited,华仪电气,600290,户内外高压断路器及配件、高压负荷开关及配件、接地开关系列、高压隔离开关及配件、变压器、预装式变电站、梅花触头系列及配件、配电自动化设备及系统、热控设备及系统的研发、生产、销售，工程服务；技术咨询服务；高低压成套开关设备生产、销售、安装、调试和技术咨询； 风力发电机组研发、生产、销售，风电场开发、建设；经营进出口业务。,制造业,浙江
C600291,内蒙古西水创业股份有限公司,"Xishui Strong Year Co., ltd Inner Mongloia",西水股份,600291,控股公司服务（股权投资与管理）；矿产品、建材产品、化工产品、机器设备、五金产品、电子产品的销售；机械设备租赁；软件开发。（法律、行政法规、国务院决定规定应经许可的，未获许可不得生产经营）,制造业,内蒙古
C600292,中电投远达环保(集团)股份有限公司,"CPI Yuanda Environmental-Protection (Grop) Co., Ltd.",中电远达,600292,废气治理、废水治理、固废治理以及节能减排项目工程建设、投资、运营、改造、副产品销售及技术服务；节能环保技术的研究、开发及服务；节能环保产品制造、销售及服务；核环保工程投资、建设、运营及技术服务（以上经营范围涉及行政许可的，在许可核定的范围和期限内经营，未取得许可或超过许可核定范围和期限的不得经营）（以工商注册为准）,电力、煤气及水的生产和供应业,重庆
C600293,湖北三峡新型建材股份有限公司,Hubei Sanxia New Building Materials Co.ltd,三峡新材,600293,浮法玻璃及玻璃深加工制品、石膏及制品等新型建材的生产与销售；建材及非金属矿产品的销售；新型建材的科研与开发；本企业自产产品及相关技术的出口业务；本企业所需原辅材料、设备及技术的进口业务。,制造业,湖北
C600295,内蒙古鄂尔多斯资源股份有限公司,"Inner Mongolia Eerduosi Resourses Co.,Ltd.",鄂尔多斯,600295,生产销售无毛绒、羊绒纱、羊绒衫等羊绒制品，及其他服装制品，以及相关技术咨询服务。,制造业,内蒙古
C600296,兰州铝业股份有限公司,"Lanzhou Aluminium Co.,Ltd",S兰铝,600296,铝冶炼、铝材加工、批发零售、技术培训，铝锭运输押运、汽车运输、建筑安装业务；境外期货业务。,制造业,甘肃
C600297,美罗药业股份有限公司,"Merro Pharmaceutical Co., ltd",美罗药业,600297,原料药、片剂、粉针剂、口服液、胶囊剂、滴眼剂、颗粒剂制造；保健食品的生产（只限分支机构）；化学试剂、玻璃仪器、日用百货、化妆品、保健食品的销售、相关技术转让及咨询；出口本企业生产的产品及相关技术、进口生产所需设备技术及原辅材料。,制造业,辽宁
C600298,安琪酵母股份有限公司,"Angel Yeast Co.,Ltd",安琪酵母,600298,其他食品（食品加工用酵母及酵母类制品（酵母，酵母葡聚糖，酵母浸出物），甜酒曲）生产销售、调味料、谷物碾磨加工品、鸡精的生产销售；保健食品生产销售；食品添加剂生产销售；复配食品添加剂生产销售；预包装食品销售；饮料（固体饮料类）生产销售；糖果制品（糖果）生产销售；生化产品的研制、开发；化学产品的生产、销售；生化设备、自控仪表、电气微机工程的加工、安装、调试；货物进出口、技术进出口业务（国家限定进出口的货物及技术除外）；普通货运；片剂、颗粒剂、硬胶囊剂、原料药、干酵母（限持有效许可证的分支机构经营）；,制造业,湖北
C600299,蓝星化工新材料股份有限公司,"Bluestar New Chemical Material Co., Ltd",蓝星新材,600299,有机硅单体及相关产品的研制、生产、销售；化学合成材料、化工产品的开发、生产、销售，进出口贸易。,制造业,北京
C600300,维维食品饮料股份有限公司,"V V Food & Beverage Co., ltd",维维股份,600300,"    许可经营项目：饮料（蛋白饮料类、固体饮料类、其他饮料类），方便食品（其他方便食品）、糕点（烘烤类糕点）、饼干生产，预包装食品、乳制品的批发及进出口业务，食品用塑料包装容器工具等制品（以行政部门核定为准）的生产、瓶（桶）装饮用水类、茶饮料类、果汁及蔬菜汁的生产，仓储运输。 
    一般经营项目：食品、饮料的研究、开发，谷物及薯类、包装材料的批发及进出口业务。",制造业,江苏
C600301,南宁化工股份有限公司,"Nanning Chemical Industry Co.,Ltd.",*ST南化,600301,"氯碱化学工业及其系列产品，农药、消毒剂、食品添加剂等无机和有机化工产品生产，工业用氧、工业用氮、溶解乙炔、液氯、液氨气体等压缩和液化气的生产；化工设计、科研、技术咨询、国内贸易(国家有专项规定的除外)，经营本企业自产产品及技术的出口业务；经营本企业生产所需的原辅材料、仪器仪表、机械设备、零配件及技术的进口业务（国家限定公司经营和国家禁止进出口的商品除外）；经营进料加工和""三来一补""业务。",制造业,广西
C600302,西安标准工业股份有限公司,"Xian Typical Industries Co., Ltd",标准股份,600302,"系列工业缝制设备、特种工业缝纫机、机电一体化产品,机械设备的研制、开发及销售；高新技术产业的投资开发、生产及经营；房地产综合开发及物业管理；信息咨询服务；本企业自产产品及技术的出口业务；本企业生产所需的原辅材料、仪器仪表、机械设备、零部件及技术的进口业务(国家限定公司经营和国家禁止进出口的商品及技术除外)；进料加工和“三来一补”业务。",制造业,陕西
C600303,辽宁曙光汽车集团股份有限公司,"Liaoning Sg Automotive Group Co.,Ltd.",曙光股份,600303,汽车前后桥、汽车底盘、汽车零部件制造、加工，汽车改装，汽车修理（设分支销售汽车及零部件）。经营本企业及所属企业自产产品及相关技术的出口业务；生产科研所需的原辅材料、机械设备、仪器仪表及相关技术进口业务（国家限定公司经营和国家禁止进出口的商品及技术除外）；经营进料加工和“三来一补”业务。,制造业,辽宁
C600305,江苏恒顺醋业股份有限公司,"Jiangshu  Hengshun  Vinegar  Co., ltd",恒顺醋业,600305,生产销售食醋、酱油、酱菜、复合调味料、调味剂等系列调味品；副食品；粮油制品；饮料；色酒；恒顺牌恒顺胶囊及相关保健食品的生产、销售；粮食收购；预包装食品兼散装食品的批发与零售；技术咨询服务，食品机械加工销售；自营和代理各类商品及技术的进出口业务。,制造业,江苏
C600306,沈阳商业城股份有限公司,"Shen Yang Commercial City Co., ltd",商业城,600306,国内一般商业贸易（国家专营、专卖、专控商品需持证经营）；房屋、场地租赁；劳务服务、仓储运输服务；广告业务（分支机构经营）；预包装食品、散装食品、酒类、卷烟、雪茄零售；农副产品收购。乳制品（含婴幼儿配方乳粉）；初级农产品(含蔬菜)、水产品销售；单纯火锅；单纯烧烤；全部使用半成品加工；中餐类制售；西餐类制售；日餐类制售；韩餐类制售；含凉菜；含裱花蛋糕；含生食海产品；冷热饮品制售；现榨饮料；主食、热菜、面食、其他；图书报刊；滑冰场管理服务；计划生育和性保健用品。,批发和零售贸易,辽宁
C600307,甘肃酒钢集团宏兴钢铁股份有限公司,"Gan Su Jiu Steel Group Hong Xing Iron & Steel Co,Ltd",酒钢宏兴,600307,采矿业；金属冶炼及压延加工、销售业；电力、燃气、水、热力的生产、供应业；建筑业；物流、仓储、运输业；金属制品、化学品、工业产品、电气机械及器材制、建材、五金交电的生产、销售；橡胶制品加工、销售；废旧物资的回收、销售；计算机服务和软件业；科技开发、服务；计量器具检定、安装、维修；机械、设备维修及其配件的销售；特种设备安装、改造、维修、检验、检测；气体的生产、充装；进出口贸易；化学危险品。（最终变更情况以工商管理部门核准内容为准）,制造业,甘肃
C600308,山东华泰纸业股份有限公司,"Shandong Huatai Paper Co., ltd.",华泰股份,600308,纸张、纸浆及纸制品的制造、销售和技术开发；造纸原辅料及化工产品（不含化学危险品）的科研、生产及销售；造纸设备及机械配件的设计、加工和技术咨询服务；热电；经营本企业自产产品及相关技术的进出口业务。,制造业,山东
C600309,万华化学集团股份有限公司,"Wanhua Chemical Group Co.,Ltd.",万华化学,600309,聚氨酯及助剂、异氰酸酯及衍生产品的开发、技术服务及相关技术人员培训；聚醚及聚醚衍生品销售；环氧丙烷、丙烯、甲基叔丁基醚 、丙烯酸及丙烯酸酯系列产品、叔丁醇、正丁醇、新戊二醇、甲基丙烯酸甲酯、三羟甲基丙烷 、顺酐等产品的销售；批准范围内的自营进出口业务。,制造业,山东
C600310,广西桂东电力股份有限公司,"Guangxi Guidong Electric Power Co., ltd",桂东电力,600310,发电、供电，电力投资开发、电力实业、电力工程设计和安装、供水、公路建设等。,电力、煤气及水的生产和供应业,广西
C600311,甘肃荣华实业(集团)股份有限公司,"Gansu Ronghua Industry Group Co.,Ltd.",荣华实业,600311,"谷氨酸、生物发酵肥、淀粉及其副产品、饲料、包装材料、塑料制品的生产、批发零售，建筑材料、农副产品的批发零售（不含粮食批发），农业种植、养殖；本企业及成员企业自产产品及相关技术的出口；本企业生产、科研所需的原辅材料、机械设备、仪器仪表、零部件及相关技术的进口、本企业的进料加工和""三来一补""（均不含国家限制和禁止的项目）；玉米收购。",制造业,甘肃
C600312,河南平高电气股份有限公司,"Henan Pinggao Electric Co.,Ltd.",平高电气,600312,制造、销售高压开关设备、控制设备及其配件(按国家有关规定)；咨询服务(国家专项规定的除外)；经营本企业自产产品及相关技术的进出口业务（国家限定公司经营或禁止进出口的商品及技术除外）；土地、厂房、设备的租赁；投资、投资管理。,制造业,河南
C600313,中垦农业资源开发股份有限公司,"Zhongken Agricultral Resource Development Co.,ltd",中农资源,600313,"    许可经营项目:批发预包装食品。
    一般经营项目:油料作物、花卉、剑麻的种植、加工、销售;粮食种植;水产品养殖;农业高新技术及产品的开发、技术转让、技术服务;种子加工设备、检验仪器的销售、安装;饲料销售;饲料添加剂、针纺织品及服装、皮革制品的生产、销售;金属材料、焦碳、橡胶及其制品、化工产品及化工轻工材料(危险化学品除外)、建筑材料、木材、机械电器设备、工艺美术品、土畜产品、百货、五金交电、电子计算机及其配件、胶合板的销售;蔬菜、水果的种植、加工;粮食、水产品加工;进出口业务;货物仓储服务;对农业、食品业的",农、林、牧、渔业,北京
C600315,上海家化联合股份有限公司,"Shanghai Jahwa United Co., Ltd",上海家化,600315,开发和生产化妆品，化妆用品及饰品，日用化学制品及原辅材料，包装容器，香精香料，清凉油，清洁制品，卫生制品，消毒制品，洗涤用品，口腔卫生用品，纸制品及湿纸巾，蜡制品，驱杀昆虫制品和驱杀昆虫用电器装置，美容美发用品及服务，日用化学品及化妆品技术服务，药品研究开发和技术转让，销售公司自产产品，从事货物及技术的进出口业务。,制造业,上海
C600316,江西洪都航空工业股份有限公司,"Jiangxi Hongdu Aviation Industry Co.,Ltd.",洪都航空,600316,基础教练机、通用飞机、其他航空产品及零件部件的设计、研制、生产、销售、维修及相关业务和进出口贸易；航空产品的转包生产；航空科学技术开发、咨询、服务、引进和转让；普通机械、五交化、金属材料及制品、仪器仪表、电器机械及器材、建筑材料等的制造、销售；金属表面处理、热处理；资产租赁及工商行政管理机关批准的其他业务,制造业,江西
C600317,营口港务股份有限公司,"Yingkou Port Liability Co.,Ltd.",营口港,600317,主营：码头及其他港口设施服务；货物装卸、仓储服务；船舶港口服务；港口设施、设备和港口机械的租赁、维修服务。兼营：钢结构工程；机件加工销售；港口机械、汽车配件、钢材、建材、橡胶制品销售；苫垫及劳保用品制作、销售；尼龙绳生产、销售；汽车修理，托辊生产、销售；港口起重运输机械设备制造安装销售，皮带机、斗轮机、拖车设备安装销售；起重设备维修、保养服务；供暖、物业管理。,交通运输、仓储业,辽宁
C600318,安徽巢东水泥股份有限公司,"Anhui Chaodong Cement Co.,Ltd.",巢东股份,600318,水泥及相关产品、轻钢结构、新型建材产品的生产与销售；非金属矿产品的开采、加工与销售；经营本企业自产产品及相关技术的进出口业务；经营本企业生产、科研所需的原辅材料、机械设备、仪器仪表、零配件及相关技术的进出口业务；经营本企业的进料加工和'三来一补'业务；建材设计；设备制造、安装及调试；技术服务。,制造业,安徽
C600319,潍坊亚星化学股份有限公司,"Weifang Yaxing Chemical Co.,Ltd.",*ST亚星,600319,生产经营烧碱、氯化聚乙烯、液氯、水合肼、ADC 发泡剂、次氯酸钠溶液、氢气、废硫酸、非药品易制毒化学品盐酸等化工产品及其延伸加工产品；技术开发、服务及转让；生产经营热力、灰渣制品等。,制造业,山东
C600320,上海振华重工(集团)股份有限公司,"Shanghai Zhenhua Heavy Industries Co.,ltd.",振华重工,600320,设计、建造、安装和承包大型港口装卸系统和设备、海上重型装备、工程机械、工程船舶和大型金属结构件及部件、配件；船舶修理；设备租赁；自有房屋租赁；自产起重机租赁业务；销售公司自产产品；可用整机运输专用船从事国际海运；钢结构工程专业承包（涉及许可经营的凭许可证经营）。,制造业,上海
C600321,四川国栋建设股份有限公司,"Sichuan Guodong Construction Co., lt",国栋建设,600321,"""中高密度纤维板、刨花板、建筑模板、强化木地板、秸秆木质人造板、饰面板、地板、凹板印刷纸、浸渍装饰纸的制造和销售（含出口）；溅射镀膜；中空、钢化、夹胶玻璃及玻璃制品，玻璃深加工；玻璃机械设备，配件的制造、销售；工业与民用建筑总承包，木制品、混凝土构件生产，水利、路桥、市政工程施工；幕墙装饰；水电设备安装；开发、研制科技产品及相关技术培训、交流；消防施工；出口本企业自产的镀膜玻璃、钢化、中空、夹胶、工艺玻璃、中密度秸秆人造板、其他高新技术产品；进口本企业生产、科研所需原辅材料，机器设备，仪器仪表、?",制造业,四川
C600322,天津市房地产发展(集团)股份有限公司,"Tianjin Reality Development(Group) Co., Ltd.",天房发展,600322,房地产开发和销售；房地产信息咨询服务、中介服务；商品房代理销售；自有房屋租赁；房屋置换；以下限分支机构经营：物业管理；建筑设计、咨询；金属材料、建筑材料；工程项目管理及咨询服务（以上范围内国家有专营专项规定的按规定办理）。,房地产业,天津
C600323,南海发展股份有限公司,"Nanhai Development Co.,Ltd.",南海发展,600323,自来水的生产及供应；供水工程的设计、安装及技术咨询；销售：供水设备及相关物资；路桥及信息网络设施的投资；房地产经营；以下项目仅限设立分支机构经营：污水及废物处理设施的建设、设计、管理、经营、技术咨询及配套服务；销售：污水及废物处理设备及相关物资。,电力、煤气及水的生产和供应业,广东
C600325,珠海华发实业股份有限公司,"Huafa Industrial Co.,Ltd.Zhuhai",华发股份,600325,房地产经营、物业管理；批发零售、代购代销；建筑材料、金属材料（不含金银）、建筑五金、五金工具、电子产品及通信设备（不含移动通信终端设备）、化工原料（不含化学危险品）、五金交电、化工。,房地产业,广东
C600326,西藏天路股份有限公司,"Tibet Tianlu Co.,Ltd.",西藏天路,600326,公路工程施工总承包（贰级）；公路路面工程专业承包（壹级）；桥梁工程专业承包（壹级）；市政公用工程施工总承包（贰级）；公路路基工程专业承包（贰级）；铁路工程施工总承包（叁级）；水利水电工程施工总承包（叁级）；房屋建筑工程施工总承包（贰级）；与公路建设相关的建筑材料（含水泥制品）的生产、销售；筑路机械配件的经营、销售；汽车维修；塑料制品；氧气制造、销售。承包境外公路工程和境内国际招标工程，上述境外工程所需的设备、材料出口，对外派遣实施上述工程所需的劳务人员。,建筑业,西藏
C600327,无锡商业大厦大东方股份有限公司,"Wuxi Commercial Mansion Grand Orient Co.,Ltd",大东方,600327,国内贸易（国家有专项规定的，办理审批手续后经营）；金饰品的修理改制；家用电器的安装、维修；服装、眼镜的加工服务；商品包装；自有场地出租；经济信息咨询服务；利用本厦自身媒介设计、制作、发布国内广告；网络技术咨询、转让；计算机软件开发销售；美容；停车场服务；黄金、珠宝销售；验光、配镜服务；摄影；钟表修理。卷烟，雪茄烟；预包装食品兼散装食品，乳制品（含婴幼儿配方乳粉），散装食品（现制肉制品，水产制品，烘焙食品，饮料）零售；综合货运站（场）（仓储）；普通货运；以下限分支机构经营：电子游戏，游艺娱乐服务。,批发和零售贸易,江苏
C600328,内蒙古兰太实业股份有限公司,"Inner Mongolia Lantai Industrial Co., ltd",兰太实业,600328, 生产、销售加碘食用盐、化工原料盐、沐浴盐、果蔬洗涤盐、农牧渔业盐产品；金属钠、高纯钠、液氯盐化工产品；氯酸钠、氯化异氰尿酸、氯化聚乙烯（分公司经营）；天然胡萝卜素系列产品、盐藻粉、螺旋藻产品、盐田生物产品；蒸汽；利用余热发电；水产品的生产、加工、销售；污水处理、中水回用（只限工业用）；压力管道安装；压力容器制造；锅炉安装、维修、改造；金属桶制造、轴承、齿轮、传动和驱动部件的制造；输送机械制造；起重机械安装、维修；进出口经营、代理。,制造业,内蒙古
C600329,天津中新药业集团股份有限公司,Tianjin Zhongxin Pharmaceutical Group Corporation Limited,中新药业,600329,中药材、中成药、中药饮片、西药制剂、化学药品原药制造(3810)、化学药品制剂、新草药、医疗器械、营养保健品、化学试剂加工、制造、批发、零售；中药外配加工；卫生用品、健身器材、生活及环境卫生用消毒用品、药物护肤产品、日用百货、服装、鞋帽、家用电器、日用杂品、烟批发、零售；仓储、宣传广告、技术开发、转让、经济信息咨询服务、房屋租赁；计算机及软件、分析仪器的代购、代销、批发、零售；计划生育用品零售；药用设施租赁；经营本企业自产产品及技术的出口业务；经营本企业生产所需的原辅材料、仪器仪表、机械设备、零配件及,制造业,天津
C600330,天通控股股份有限公司,"TDG Holding Co., Ltd.",天通股份,600330,"    磁性材料、电子元件、机械设备的生产、销售及技术开发,晶体硅太阳能电池片、高效LED照明用蓝宝石基板材料、高效能逆变模块的生产及销售,太阳能光伏系统集成,太阳能光伏发电,实业投资。经营自产产品及相关技术的出口业务,经营本企业生产、科研所需的原辅材料、机械设备、仪器仪表、零配件及相关技术的进口业务。
",制造业,浙江
C600331,四川宏达股份有限公司,"Sichuan Hongda Co., Ltd.",宏达股份,600331,化肥（磷铵、肥料级磷酸氢钙、磷酸二氢钾、过磷酸钙、复合肥、硫酸钾、氯化钾、硫酸铵、氯化铵等）、工业级磷酸一铵、饲料级磷酸氢钙、氯碱、氟硅酸钠、工业硫酸、塑料编织袋、石膏及石膏制品、一类机动车维修（小型客车（含轿车）维修、大中型客车维修、货车（含工程车辆）维修、危险货物运输车辆维修）、锌锭、锌合金及其废渣中提取的金属材料、稀有金属（钼、铟、锗）、氧化锌的生产销售；建工建材、化工原料批发零售，矿产品（国家限制经营的除外）销售，经营本企业和本企业成员企业自产产品及相关技术的出口业务（国家组织统一联合经,制造业,四川
C600332,广州白云山医药集团股份有限公司,Guangzhou Baiyunshan Pharmaceutical Holdings Company Limited,白云山,600332,国有资产经营、投资、开发、资金融通；研发、生产、销售：药品、中药材、中药饮片、化工原料、化学原料药中间体、化学原料药、定型包装食品、保健食品、特殊营养食品、饮料、医疗器械、制药机械、医药用品、卫生材料及敷料、化妆品、贸易经纪与代理（上述研发、生产、销售的具体经营项目以分支机构许可证为准）；批发和零售贸易（国家专营专控商品除外）；提供证券投资、医药领域的新技术、新产品、新材料的技术、产品开发、技术改造信息、商品信息咨询、物业开发服务；计算机软件开发；信息服务、技术服务；货物及技术进出口（法律、行政,制造业,广东
C600333,长春燃气股份有限公司,"Changchun Gas Co.,Ltd",长春燃气,600333,煤气、焦炭、煤焦油生产销售、天然气销售、电力项目开发、燃气管理、燃器具生产销售；液化气供应、煤焦油深加工、燃气工程安装；粗苯生产、销售（仅限分公司持证经营）（以上各项国家法律法规禁止的不得经营，应经专项审批的项目未获批准之前不得经营）。,电力、煤气及水的生产和供应业,吉林省
C600335,国机汽车股份有限公司,"Sinomach Automobile Co.,Ltd.",国机汽车,600335,许可经营项目：（无）。一般经营项目：汽车（小轿车除外）及配件销售；货物进出口（法律、行政法规另有规定的除外）；自有房屋租赁；商务信息咨询；仓储（危险品及易制毒品除外）（以上经营范围涉及行业许可的凭许可证件，在有效期内经营，国家有专项专营规定的按规定办理）。,批发和零售贸易,天津
C600336,澳柯玛股份有限公司,Aucma Company Limited,澳柯玛,600336,制冷产品（冰柜、冰箱、展示柜、制冰机、酒柜）、日用家电、消毒抑菌设备、家用厨房电器具、净水设备、水槽、锂电池、自动售货机，电动车产品的制造、销售、技术开发、技术咨询；经营本企业自产产品及技术的出口业务和本企业所需的机械设备、零配件、原辅材料及技术的出口业务，但国家限定公司经营或禁止进出的商品及技术除外。（以上范围需经许可经营的，须凭许可证经营）。,制造业,山东
C600337,美克国际家具股份有限公司,"Markor International Furniture Co.,Ltd.",美克股份,600337,"装饰装修材料,实木家具,聚脂家具及配套产品的生产销售；自营和代理各类商品及技术的进出口业务(国家限定公司经营和国家禁止进出口的商品及技术除外)；经营对销贸易、转口贸易、进料加工和＂三来一补＂业务；房屋租赁；停车场服务；场地出租；木材经营、加工。",批发和零售贸易,新疆
C600338,西藏珠峰工业股份有限公司,"Tibet Summit Industry Co., Ltd.",西藏珠峰,600338,销售摩托车及零部件、提供售后服务；销售家用电器、机电产品（不含小轿车）、复印机、办公用品、纺织原料及制品、食品、机械设备；销售矿产品;自营和代理除国家组织统计联合经营的进口商品以外的其它商品及技术的进出口业务；经营进料加工和“三来一补”业务，经营对销贸易和转口贸易；铜、铅、锌等有色金属矿的探矿、采矿、选矿、冶炼、加工及其产品销售；电解锌、硫酸、氧化锌、阴阳极板等产品销售；铟等稀贵金属及其副产品的开发、冶炼、加工和贸易,制造业,西藏
C600339,新疆独山子天利高新技术股份有限公司,"Xinjiang Dushanzi Tianli High&newtech Co., ltd, p.r.c.",天利高新,600339,    许可经营项目：普通货物运输；甲基叔丁基醚、液化石油气、2-丁酮、2-丁醇、氢气、硝酸、环己烷、醇酮、二元酸酯、己二酸的生产、销售；铁路危险货物托运；管道储运；住宿、餐饮、美容美发、娱乐业经营、烟酒零售、饮料销售（上述经营项目限所属分支机构经营）。一般经营项目：高级润滑油系列添加剂产品、高级沥青系列产品、土工合成新材料、塑料原料及制品、精细化工系列产品的科技开发、生产、储运和销售；石油化工技术咨询服务；经营本企业及其成员企业自产产品和技术的进出口业务；密封件生产和销售；场地、设备、房屋租赁、日用百,制造业,新疆
C600340,华夏幸福基业股份有限公司,"China Fortune Land Co., ltd.",华夏幸福,600340,对房地产、工业园区及基础设施建设投资；房地产中介服务；提供施工设备服务；企业管理咨询；生物医药研发、科技技术推广服务（科技企业孵化）。（最终以工商登记为准）,房地产业,河北
C600343,陕西航天动力高科技股份有限公司,"Shaanxi Aerospace Power Hi-tech Co., ltd",航天动力,600343,航天技术流体机械系列液力变矩器、特种泵的研究、设计、试验、生产、销售；智能仪器仪表系列产品、机电产品、非标准设备、自动化控制设备的研究、设计、生产、销售；计量器具、模具的设计、制造、销售；通讯设备、计算机的研制开发、生产、销售；技术咨询、技术服务。(上述经营范围中国家法律法规有专项规定的以许可证为准)；本企业自产产品及技术的出口业务；本企业生产所需的原辅材料、仪器仪表、机械设备、零配件及技术的进口业务（国家限定公司经营和国家禁止进出口的商品除外）；进料加工和“三来一补”业务。,制造业,陕西
C600345,武汉长江通信产业集团股份有限公司,"Wuhan Yangtze Communication Industry Group Co.,Ltd",长江通信,600345,通信、半导体照明和显示、电子、计算机技术及产品的研发、生产、技术服务及销售；通信工程的设计、施工（须持有效资质经营）；通信信息咨询服务；经营本企业和成员企业自产产品及技术的出口业务；经营本企业和成员企业科研生产所需的原辅材料、仪器仪表、机械设备、零配件及技术的进口业务（国家限定公司经营和国家禁止进出口的商品除外）；商品贸易；对外投资；项目投资。,信息技术业,湖北
C600346,大连橡胶塑料机械股份有限公司,"Dalian Rubber & Plastics Machinery Co.,ltd",大橡塑,600346,橡胶工业设备及配套件、塑料工业设备及配套件、制冷和空调设备及配套件以及上述产品成套工程的设计、制造、安装、销售、维修；铸件制造；铆焊加工；机械加工、木器木型加工、金属材料表面处理与热处理及其制品销售；电器控制柜的设计、加工、销售；橡胶制品和塑料制品的加工、销售；金属材料、五交化商品销售；进出口业务；三来一补、易货贸易；计算机软硬件开发、经销；办公用品、机电产品（不含汽车）销售（特业部分限有许可证的下属企业经营）；机械设备的技术开发及咨询服务；机电安装工程设计。,制造业,辽宁
C600348,阳泉煤业(集团)股份有限公司,"Yang Quan Coal Industry （group） Co., Ltd.",阳泉煤业,600348,    煤炭生产、洗选加工、销售；电力生产、销售；热力生产、销售；道路普通货物运输和通勤运输；设备租赁；经销汽车及施工机械配件及材料；汽车修理；煤层气开发利用、管道燃气（仅限分支机构）。,采掘业,山西
C600350,山东高速股份有限公司,Shandong Hi-speed Company Limited,山东高速,600350,    从事对高等级公路、桥梁、隧道基础设施的投资、管理、养护、咨询服务及批准的收费，救援、清障；仓储（不含化学危险品）；装饰装修，建筑材料的销售；对港口、公路、水路运输投资；以及公路信息网络管理、汽车清洗等业务。,交通运输、仓储业,山东
C600351,亚宝药业集团股份有限公司,"Yabao Pharmaceutical Group Co., Ltd.",亚宝药业,600351,生产及销售原料药、小容量注射剂（含抗肿瘤药）、冻干粉针剂（含抗肿瘤药）、片剂（含外用）、硬胶囊剂、软胶囊剂、颗粒剂、茶剂、口服液、软膏剂、煎膏剂（膏滋）、精神药品（氯氮卓、地西泮片）、透皮贴剂、巴布剂、保健用品、保健品、食品及保健食品、医疗器械、饲料添加剂、卫生材料、药用包装材料、塑料制品、日用化妆品、化工产品（除危险品）。中药材种植加工。中西药的研究与开发。医药信息咨询及技术转让服务。经营本企业自产产品的出口业务；经营本企业生产所需的原辅材料、仪器仪表、机械设备、零配件及技术的进口业务（国家限,制造业,山西
C600352,浙江龙盛集团股份有限公司,"Zhejiang Longsheng Group Co., ltd",浙江龙盛,600352,    染料及助剂、化工产品的技术开发、技术转让、技术咨询服务、生产、销售（化学危险品凭许可证经营）；上述产品的原辅材料、机械设备、仪器仪表及零配件、包装制品的销售。本企业自产的各类染料、助剂、化工中间体的出口；本企业生产、科研所需的原辅材料、机械设备、仪器仪表及零配件的进口，实业投资，资产管理。,制造业,浙江
C600353,成都旭光电子股份有限公司,"Chengdu Xuguang Electronics Co, .ltd",旭光股份,600353,研制、开发、生产和销售电子真空器件、电子整机、高低压成套配电装置、电子通信产品（不含无线电子发射设备）、电子元器件、集成电路、电子系统、电子应用产品、计算机软硬件、计算机网络产品、办公自动化设备；按中华人民共和国对外经济贸易合作部[1995]外经贸政审函字1529号文件核定范围，从事进出口业务。批发和零售电子电器设备、电子工业专用设备、模具、专用陶瓷、工业气体、建筑装饰材料、火灾计算机控制系统及消防器械；提供科技咨询服务。,制造业,四川
C600354,甘肃省敦煌种业股份有限公司,"Gansu Dunhuang Seed Co.,Ltd.",敦煌种业,600354,粮食、瓜类、蔬菜、花卉、甜菜、油料、牧草、棉花等农作物种子引进、选育、繁殖、生产、加工、储藏；农副产品的收购、加工、批发零售；农业技术开发、咨询服务；棉花的收购、加工和储藏（限六个分支机构经营）；果树、桑树种植；出口本企业自产的瓜、菜、花卉、牧草等经济、农作物种籽、亲本资源材料及种子加工设备等、进口本企业生产所需原辅材料、仪器仪表、机械设备、零配件等（国家限定的除外）；房地产开发及商品房销售；投资管理及咨询。,农、林、牧、渔业,甘肃
C600355,精伦电子股份有限公司,"Routon Electronic Co.,Ltd.",精伦电子,600355,电子、通信、仪器仪表、电机和电子电工机械专用设备的研发、制造、销售、技术服务和技术推广（含税控设备、居民身份证读卡机具、彩票机具、IC卡读写设备、智能监控产品、电力系统自动化设备和软件、电子交易终端设备和软件、商用密码产品【凭合法有效许可证经营】）；经营货物进出口、技术进出口（国家限制经营的货物和技术除外）。,制造业,湖北
C600356,牡丹江恒丰纸业股份有限公司,"Mudanjiang Hengfeng Paper Co.,Ltd.",恒丰纸业,600356,纸、纸浆和纸制品的制造、销售；造纸原辅料生产、销售及技术开发；制浆、造纸工艺设计和技术服务，造纸机械设备的加工、安装和维修；经营公司自产产品及技术的出口业务；经营公司生产、科研所需的原辅材料、仪器仪表、机械设备、零配件及技术的进口业务。,制造业,黑龙江
C600357,承德新新钒钛股份有限公司,Chengde Xinxin Vanadium And Titanium Company Limited,承德钒钛,600357,"钒渣、钒铁合金、钛精矿、高钛渣、金红石、合金铁粉、含钒低合金及普通带钢、圆钢、钢筋混凝土用热轧带肋钢筋、钢坯的生产、销售；钒钛系列高科技产品的开发、研制、生产和销售；本企业自产产品及相关技术的出口；本企业生产、科研所需的原辅材料、机械设备、仪器仪表、零配件及相关技术的进口；经营本企业的进料加工和“三来一补”业务；氧化钒、钒氮合金、钛黄粉、线材、人造富矿(烧结矿、烧结球),蒸气、压缩空气、工业用高炉煤气的制造和销售；自动化及仪表工程设计安装、工程技术咨询、机械设备维修；产品检验化验、检斤计量服务；矿?",制造业,河北
C600358,国旅联合股份有限公司,China United Travel Company Limited,*ST联合,600358,旅游产业投资，旅游信息咨询服务，酒店管理及度假区管理咨询，投资咨询，国内贸易，旅游电子商务，实物租赁，实业投资，股权投资和股权投资管理。,社会服务业,江苏
C600359,新疆塔里木农业综合开发股份有限公司,"Xinjiang Talimu Agriculture Development Co.,Ltd.",新农开发,600359,农业种植；牧渔养殖；农产品、畜产品的生产、加工及销售；种子及种衣剂的生产及销售；农业机械制造及修理；塑料制品、皮革制品的销售；汽车运输；自营和代理各类商品和技术的进出口业务(国家限定公司经营或禁止进出口的商品和技术除外。,农、林、牧、渔业,新疆
C600360,吉林华微电子股份有限公司,"Jilin Sino-microelectronics Co., ltd",华微电子,600360,半导体分立器件、集成电路、电力电子产品、汽车电子产品、自动化仪表、电子元件、应用软件的设计、开发、制造与销售；经营本公司自产产品及相关技术的出口业务，经营本公司生产、科研所需的原辅材料、机械设备、仪器仪表、零配件及相关技术的进出口业务，经营本公司的进料加工和“三来一补”业务；氢气、氧气、氮气、压缩空气的制造与销售。,制造业,吉林省
C600361,北京华联综合超市股份有限公司,"Beijinghualian  Hypermarket  Co., ltd",华联综超,600361,    许可经营项目：销售医疗器材、包装食品、包装饮料、酒；中餐（含制售主食、西食制品）；西餐；零售、邮购公开发行的国内版书刊；零售烟；以下项目限分支机构经营：销售生鲜蔬果、粮油食品、副食品、定型包装食品（含乳冷食品）、散装直接入口食品、散装非直接入口食品、熟食制品、水产、鲜肉、禽蛋、茶叶、腐蚀品、次氯酸钠溶液；零售乳制品（含婴幼儿配方乳粉）、预包装食品、避孕器械、音像制品；现场制售：主食（油炸食品、米面制品）、肉制品、熟食制品、焙烤食品、烤鸡、烤鸭、寿司、中西糕点（含裱花蛋糕）及面包、豆制品、豆腐,批发和零售贸易,北京
C600362,江西铜业股份有限公司,"Jiangxi Copper Co., Ltd",江西铜业,600362,    有色金属、稀贵金属采、选、冶炼、加工及相关技术服务；有色金属矿、稀贵金属、非金属矿、有色金属及相关副产品的冶炼、压延加工与深加工；与上述业务相关的硫化工及其延伸产品、精细化工产品；选矿药剂、橡胶制品；永久性气体的生产和加工；自产产品的销售及售后服务、相关的咨询服务和业务；矿山、冶金工程设计与施工；爆破、岩土边坡、测量与涵、隧道工程；地质勘查与施工；建筑工程施工总承包；建筑安装维修工程；机电、土木建筑维修与装潢；合金耐磨产品铸造；矿山、冶炼专用设备制造、加工、安装、维修与销售；涂装、保温、防腐,制造业,江西
C600363,江西联创光电科技股份有限公司,"Jiangxi Lianchuang Optoelectronic Science And Technology Co., ltd",联创光电,600363,"经营本企业自产产品及技术的出口业务；经营本企业生产所需的原辅材料、仪器仪表、机械设备、零配件及技术的进口业务（国家限定公司经营和国家禁止进出口的商品除外）；经营进料加工和""三来一补""业务；光电子元器件、半导体照明光源及控制系统、LED 显示屏、光电通信线缆、电力电缆、继电器、通信终端与信息系统设备、其它电子产品、计算机的生产、销售；光电显示及控制系统的设计与安装，合同能源管理、系统节能工程、节能服务、太阳能及风力发电设备、网络及工业自动化工程及安装、亮化工程、智能建筑、安防监控系统工程，计算机应用服务",制造业,江西
C600363,江西联创光电科技股份有限公司,"Jiangxi Lianchuang Optoelectronic Science And Technology Co., ltd",联创光电,600363,"经营本企业自产产品及技术的出口业务；经营本企业生产所需的原辅材料、仪器仪表、机械设备、零配件及技术的进口业务（国家限定公司经营和国家禁止进出口的商品除外）；经营进料加工和""三来一补""业务；光电子元器件、半导体照明光源及控制系统、LED 显示屏、光电通信线缆、电力电缆、继电器、通信终端与信息系统设备、其它电子产品、计算机的生产、销售；光电显示及控制系统的设计与安装，合同能源管理、系统节能工程、节能服务、太阳能及风力发电设备、网络及工业自动化工程及安装、亮化工程、智能建筑、安防监控系统工程，计算机应用服务",制造业,江西
C600365,通化葡萄酒股份有限公司,"Tonghua Grape Wine Co.,Ltd.",通葡股份,600365,葡萄酒制造和销售；土特产品收购、加工；物资运输。,制造业,吉林省
C600366,宁波韵升股份有限公司,"Ningbo Yunsheng  Co., ltd.",宁波韵升,600366,一般经营项目：磁性材料、汽车电机、伺服电动机及其驱动系统、机器人、无损检测仪器仪表、汽车配件、模具的制造、技术咨询；自营和代理各类货物和技术的进出口，但国家限定经营或禁止进出口的货物和技术除外；机电产品的批发、零售；普通货物的仓储。（上述经营范围不含国家法律法规规定禁止、限制和许可经营的项目。）,制造业,浙江
C600367,贵州红星发展股份有限公司,Guizhou Redstar Developing Company Limited,红星发展,600367,无机化工产品、精细化工产品的生产、销售（化学危险品仅限于碳酸钡、氢氧化钡、氯化钡、硫磺、硫脲）。,制造业,贵州
C600368,广西五洲交通股份有限公司,"Guangxi Wuzhou Communications Co.,Ltd.",五洲交通,600368,经营收费公路、桥梁；对公路、桥梁、站场、港口、码头等交通基础设施投资、经营；房地产开发；建材、建筑设备、施工机械设备、五金交电、百货购销。,交通运输、仓储业,广西
C600369,西南证券股份有限公司,"Southwest Securities Co., ltd.",西南证券,600369,（一）证券经纪；（二）证券投资咨询；（三）与证券交易、证券投资活动有关的财务顾问；（四）证券承销与保荐；（五）证券自营；（六）证券资产管理；（七）证券投资基金代销；（八）融资融券；（九）代销金融产品；（十）为期货公司提供中间介绍业务。,金融、保险业,重庆
C600370,江苏三房巷实业股份有限公司,"Jiangsu Sanfangxiang Industry Co.,Ltd.",三房巷,600370,"化纤原料及制品、棉制品、印染布、涤棉布、色织布。服装生产与销售；布匹染整、印花；经营本企业自产产品及技术的出口业务；经营本企业生产、科研所需的原辅材料、仪器仪表、零配件及技术的进出口业务(国家限定公司经营和国家禁止进出口的商品及技术除外),经营进料加工和‘三来一补’业务；技术咨询；实业投资；电力生产；蒸汽。",制造业,江苏
C600371,万向德农股份有限公司,"Wanxiang Doneed Co. , ltd.",万向德农,600371,专门经营不再分装的包装种子；化肥零售；农产品、化工产品（不含危险品）的销售；农业机械，汽车（不含小轿车）及配件，建筑材料，装饰材料的销售；畜牧业及畜产品加工；农业技术开发；计算机服务；企业管理服务；货物或技术进出口业务。,农、林、牧、渔业,黑龙江
C600372,中航机载电子股份有限公司,"China Avic Electronics Co.,Ltd.",中航电子,600372,航空、航天、舰船、兵器等领域的机械电子、航空电子、自动控制、惯性导航、电子信息、雷达与火控系统、电子对抗、空中交通管制、飞参、综合照明、仪器仪表、基础元器件等产品的研发、生产和销售（在京外其他地区依法开展生产）；民用领域的通信网络、电子信息、集成电路、智慧城市与物联网、工业自动化、工业安全、轨道交通、节能环保与新能源电子、智能装备、传感器、特种电机、纺织机械、光学仪器等的设计、制造和销售（在京外其他地区依法开展生产）；经营范围内相关系统产品的进出口业务（以上项目国家有专项规定的除外）。,制造业,北京
C600373,中文天地出版传媒股份有限公司,"Chinese Universe Publishing And Media Co., Ltd.",中文传媒,600373,    国内版图书、电子、期刊批发；文化艺术品经营；各类广告的制作、发布、代理；会议及展览服务；国内外贸易；资产管理与投资；房地产开发与销售；图书、报刊、音像、电子出版物的出版；影视制作与发行；互联网文化产品的制作、经营及其服务；出版物零售；文化经纪；仓储、物流与配送服务（限分支机构经营）；（以上项目国家有专项规定的凭许可证或资质证经营）,传播与文化产业,江西
C600375,华菱星马汽车(集团)股份有限公司,"Hualing Xingma Automobile（Group）Co.,Ltd.",华菱星马,600375,专用汽车（不含小轿车）、汽车配件、建材、建筑机械、金属材料生产、销售；自产AH系列专用改装车出口；本企业生产所需原辅材料、机械设备、仪器仪表及零部件进口；货物运输保险，机动车辆保险；重型汽车、汽车底盘的销售。,制造业,安徽
C600376,北京首都开发股份有限公司,"Beijing Capital Development Co.,Ltd.",首开股份,600376,房地产开发、商品房销售、房屋租凭；建筑工程咨询；室内外装饰装璜；技术开发、技术服务；销售自行开发的产品；购销建筑材料、化工轻工材料、工艺美术品、家具、机械电器设备（汽车除外）、五金交电、纺织品、百货、计算机软硬件、日用杂品；经贸信息咨询；劳务服务。,房地产业,北京
C600377,江苏宁沪高速公路股份有限公司,Jiangsu Expressway Company Limited,宁沪高速,600377,石油制品零售，汽车维修，住宿、餐饮、食品销售，书报刊零售、出租（以上均限批准的分支机构经营）。一般经营项目：高速公路建设和维护管理，按章对通过车辆收费；物资储存；技术咨询；百货、纺织品、日用杂品、五金、交电、化工产品（危险化学品除外）、汽车零配件、摩托车零配件的销售；设备租赁，房屋租赁、场地租赁。,交通运输、仓储业,江苏
C600378,四川天一科技股份有限公司,"Sichuan Tianyi Science ＆ Technology Co.,Ltd.",天科股份,600378,碳一化学技术及催化剂，变压吸附气体分离技术及装置，工业特种阀门，合成芳樟醇、维生素E系列精细化工品（不含药品），工业气体的研制、开发、生产、销售、技术服务及相关的工程设计和承包，气瓶检验，工程咨询。,制造业,四川
C600379,陕西宝光真空电器股份有限公司,"Shaanxi Baoguang Vacuum Electronic Apparatus Co.,Ltd.",宝光股份,600379,"    高、中、低压真空电力电器，无线电元器件、器材、材料，高新元件、弹性元件的研制、生产、批发、零售及服务；机械加工；经营本企业自产产品及技术的出口业务；经营本企业生产所需的原辅材料、仪器仪表、机械设备、零配件及技术的进口业务（国家限定公司经营的国家禁止进出口的商品除外）；经营进料加工和""三来一补""业务。",制造业,陕西
C600380,健康元药业集团股份有限公司,"Joincare Pharmaceutical Group Industry Co.,Ltd",健康元,600380,中成药、化学原料药、化学药制剂、抗生素原料药、抗生素制药、食品、保健食品、化妆品的研发、批发（不含国家保护资源的中药材、中成药秘方产品的研发），进出口及相关配套服务（涉及配额许可证管理、专项规定管理的商品按照国家有关规定办理），普通货运。,制造业,深圳市
C600381,青海贤成矿业股份有限公司,"Qinghai Sunshiny Mining Co.,Ltd",*ST贤成,600381,矿产资源、天然气、水泥、水电、火电资源的投资、开发。,采掘业,青海
C600382,广东明珠集团股份有限公司,"Guangdong Mingzhu Group Co.,Ltd.",广东明珠,600382,实业投资；制造、销售：普通机械、金属制品、汽车零部件、橡胶制品、服装；有色金属、黑色金属冶炼；矿产品（含铁矿石）销售（涉及需取得审批许可的未取得审批许可前不得经营）；信息咨询和计算机技术服务；设备及物业租赁；园林设计；室内装饰及设计；房地产开发（需取得房地产资格证书方可开展经营活动）；产品设计；水电设备安装及维修，货物和技术进出口业务（法律、行政法规禁止的项目除外，法律、行政法规限制的项目须取得许可证后方可经营）；不涉及前置审批许可的商业物资供销业批发和零售。,批发和零售贸易,广东
C600383,金地(集团)股份有限公司,Gemdale Corporation,金地集团,600383,从事房地产开发经营业务；兴办各类实体（具体项目需另报）；经营进出口业务；信息咨询（不含限制项目）。,房地产业,深圳市
C600385,山东金泰集团股份有限公司,"Shandong Jintai Group Co.,Ltd.",*ST金泰,600385,    投资管理，药品的研发与技术转让、技术咨询（不含药品生产），房地产的中介服务，医疗器械的销售（涉及许可经营的凭许可证经营）。,制造业,山东
C600386,北京巴士传媒股份有限公司,"Beijing Bashi Media Co, .ltd",北巴传媒,600386,广告设计、制作、投资、媒体代理发布;出租汽车客运，省际公路客运，轻轨客运；汽车租赁；汽车修理；汽车用清洁燃料的开发、销售及设施改装；公交IC卡及ITS智能交通管理系统的技术开发、技术转让、技术咨询、技术服务；销售开发后产品、机械电器设备、电子计算机及外部设备、汽车(不含小轿车)；代理车辆保险、自制广告业务；餐饮服务；人员培训。,传播与文化产业,北京
C600387,浙江海越股份有限公司,"Zhejiang Haiyue Co.,Ltd",海越股份,600387,交通、水利、电力及其他基础设施的投资开发与经营；石油、成品油及其制品、液化气的仓储与销售；煤炭及其他能源的开发与经营；进出口贸易(详见外经贸部批文)；燃料油批发；成品油仓储与批发。,交通运输、仓储业,浙江
C600388,福建龙净环保股份有限公司,"Fujin Longking Co., ltd",龙净环保,600388,"    环境污染防治设备、输送设备（不含特种设备）的设计、制造、销售、安装、调试，法律法规未规定许可的,均可自主选择经营项目开展经营。",制造业,福建
C600389,南通江山农药化工股份有限公司,Nantong Jiangshan Agrochemical  Chemicals Co.ltd,江山股份,600389,"化学农药、有机化学品、无机化学品、高分子聚合物制造、加工、销售（国家有专项规定的办理审批手续后经营）。工业盐的零售；经营本企业自产产品及相关技术的出口业务；经营本企业生产、科研所需的原辅材料、机械设备、仪器仪表、零配件及相关技术的进口业务；经营本企业的进料加工和""三来一补""业务；化学技术咨询服务；在港区内从事货物装卸、仓储经营。",制造业,江苏
C600390,金瑞新材料科技股份有限公司,"Kingray New Materials Science & Technology Co.,Ltd.",金瑞科技,600390,金属材料及制品、超硬材料及制品、电子材料及制品、机电产品及设备、政策允许的化工原料、化工产品(危险品仅限硫酸并由分支机构凭证经营，不含监控化学品)的生产、销售；矿产品的开采(凭本企业许可证)、生产、加工、销售；新材料、新技术、新工艺的技术开发、成果转让、咨询服务(不含中介)；经营本企业《中华人民共和国进出口企业资格证书》核定范围内的进出口业务。,制造业,湖南
C600391,四川成发航空科技股份有限公司,"Sichuan Chengfa Aero Science&technology Co., ltd.",成发科技,600391,研究、制造、加工、维修、销售航空发动机及零部件（不含法律、法规和国务院决定需要前置审批或许可的项目或许可的项目）、燃气轮机及零部件、轴承、机械设备、非标准设备、环保设备、金属锻铸件、金属制品（不含稀贵金属）、燃烧器、燃油燃气器具、纺织机械、医药及化工机械（不含医疗机械）；金属及非金属表面处理；工艺设备及非标准设备的设计、制造及技术咨询服务；项目投资，企业管理服务，架线和管道工程施工、建筑安装工程施工（凭相关资质许可证从事经营）；货物进出口，技术进出口（国家法律、行政法规禁止的除外，法律、法规限制,制造业,四川
C600392,盛和资源控股股份有限公司,Shenghe Resources Holding Co. Ltd,盛和资源,600392,"    许可经营项目：无。
    一般经营项目：各类实业投资；稀有稀土金属销售、综合应用及深加工、技术咨询；稀土新材料加工与销售；化工材料（不含化学危险品）销售；自营和代理各类商品和技术的进出口业务（国家限定公司经营和国家禁止进出口的商品及技术除外）",制造业,山西
C600393,广州东华实业股份有限公司,Guangzhou Donghua Enterprise Co.ltd.,东华实业,600393,房地产开发及房屋出租或出售，土建工程、电气配套承装；住宅小区的配套商业、饮食、服务、旅游、房屋拆迁。国内外贸易（专项审批项目待领取许可证后方可经营）；投资兴办实业。矿产资源的投资及矿产品的销售等业务。提供咨询、服务及管理等业务。（具体内容以工商部门核准的内容为准）。,房地产业,广东
C600395,贵州盘江精煤股份有限公司,"Guizhou Panjiang Refined Coal Co.,Ltd.",盘江股份,600395,(一)原煤开采、煤炭洗选加工、煤的特殊加工、煤炭及伴生资源综合开发利用，煤炭产品及焦炭的销售。(二)出口：本企业自产的煤炭产品、焦炭、煤的特殊加工产品等商品及其相关技术。(三)进口：煤炭产品，本企业生产、科研所需的原辅材料、机械设备、仪器仪表、零配件及其相关技术。(四)电力的生产与销售。(五)矿山机电设备制造、修理、租赁及生产服务；矿山机电设备及配件、材料销售。(六) 化工产品销售。(七) 铁合金冶炼.（八）汽车运输（普通货物）及汽车零配件销售。（九）物业管理；单位后勤管理服务。,采掘业,贵州
C600396,沈阳金山能源股份有限公司,"Shenyang Jinshan Energy Co., Ltd",金山股份,600396,火力发电；供暖、供热；粉煤灰、金属材料销售；小型电厂机、炉、电检修；循环水综合利用；技术服务；水力发电；风力发电；风力发电设备安装及技术服务；煤炭生产、洗选加工及销售。,电力、煤气及水的生产和供应业,辽宁
C600397,安源煤业集团股份有限公司,Anyuan Coal Industry Group Co.，Ltd.,安源煤业,600397,煤炭开采、煤炭精选加工、煤炭经营（上述三项限分支机构经营），煤层气开发利用，对外贸易经营，矿产品销售，对各类行业的投资，国内贸易及生产、加工，仓储服务，货运代理，设备维修及租赁，房屋租赁，科学研究、信息和技术咨询服务。（以上项目国家有专项许可的凭证经营）。,采掘业,江西
C600398,凯诺科技股份有限公司,"Canal Scientific And Technological Co., Ltd",凯诺科技,600398,毛纺新技术、新产品、新材料、通讯产品的研发、销售，环保高新技术产品的开发及投资，精纺呢绒、毛纱、服装、针织品、衬衫、领带、袜子、纺织原料、劳动保护用品的制造，自营和代理各类商品及技术的进出口业务；自有房屋的租赁及物业管理。凯诺科技股份有限公司内部供电、供汽。码头和其他港口设施经营，在港区内从事货物装卸、驳运、仓储经营业务。,制造业,江苏
C600399,抚顺特殊钢股份有限公司,"Fushun Special Steel Co.,Ltd",抚顺特钢,600399,钢冶炼，压延钢加工，冶金技术服务，工业气体(含液体)制造和销售，进出口业务。,制造业,辽宁
C600400,江苏红豆实业股份有限公司,"Jiangsu Hongdou Industry Co.,ltd.",红豆股份,600400,许可经营项目：无。一般经营项目：服装、饰物装饰设计服务；服装、针纺品、纺织品、机械、化学纤维、一般劳动防护用品、特种劳动防护用品的制造加工、销售，污水处理，工业用水经营；经营本企业自产产品的出口业务和本企业所需的机械设备、零配件、原辅材料的进口业务（国家限定公司经营或禁止进出口的商品及技术除外）。（具体以公司登记机关核准为准）。,制造业,江苏
C600401,海润光伏科技股份有限公司,"Hareon Solar Technology Co., Ltd.",海润光伏,600401,    研究、开发、生产、加工单晶硅片、单晶硅棒；多晶硅锭、多晶硅片；销售自产产品；从事单、多晶硅太阳能电池片、组件的批发及进出口业务（不涉及国营贸易管理商品，涉及配额、许可证管理商品的，按国家有关规定办理申请，具体经营范围以工商登记机关核准为准）,制造业,江苏
C600403,河南大有能源股份有限公司,"Henan Dayou Energy Co., ltd",大有能源,600403,原煤开采（限分支机构凭有效许可证经营）；煤炭批发经营；对煤炭行业的投资；煤炭洗选加工（限分支机构经营）；自有铁路专用线煤炭运输；国内贸易；对外贸易（国家限定公司经营或禁止进出口的商品及技术除外）；技术服务、咨询服务（以上范围凡需审批的，未获批准前不得经营）。,采掘业,河南
C600405,北京动力源科技股份有限公司,"Beijing Dynamic Power Co.,Ltd",动力源,600405,电力电子产品、计算机软件及辅助设备的生产；电力电子产品、计算机软件及辅助设备的技术开发；电力电子产品及其相关产品、计算机软件及辅助设备、仪器仪表、环保设备的销售；节能技术咨询、技术服务；技术开发；推广服务；工程设计；专业承包；货物进出口；技术进出口；代理进出口。（以工商局最终核定为准）,制造业,北京
C600406,国电南瑞科技股份有限公司,Nari Technology Development Limited Company,国电南瑞,600406,发电、输电、变电、配电、供电控制系统和设备；计算机及外部设备；通信交换、通信终端及通信设备（不含卫星地面接受设备）；工业自动化仪表、电工仪器、电子测量仪器，工业过程控制系统和装置设计、制造、销售、服务；电子计算机软件的研制、开发、服务。经营本企业自产产品及技术的出口业务；经营本企业生产、科研所需的原辅材料、仪器仪表、机械设备、零配件及技术的进口业务（国家限定公司经营和国家禁止进出口的商品及技术除外）；轨道交通技术开发、转让和服务，轨道交通控制系统、信号系统及控制设备和软件，轨道交通通信交换、通信,信息技术业,江苏
C600408,山西安泰集团股份有限公司,"Shanxi Antai Group Co., ltd.",安泰集团,600408,生产、销售焦炭及其副产品、生铁、电力、矿渣细粉、碳素制品、化工产品（国家限制品除外）；煤炭洗选；石灰石开采，加工石料、石粉及白云石轻烧加工经营；货物运输；新产品开发；批发零售矿产品（除国家专控品）、化工原料（除易燃易爆易腐蚀危险品）、普通机械、汽车（除小轿车）、日杂百货、农副产品（除国家专控品）。自营和代理各类商品和技术的进出口业务，但国家限定经营或禁止经营的商品及技术除外。实业投资。,制造业,山西
C600409,唐山三友化工股份有限公司,"Tangshan Sanyou Chemical Industries Co., ltd..",三友化工,600409,"    纯碱、食品添加剂碳酸钠、轻质碳酸钙生产、销售;经营本企业自产产品和技术的出口业务和本企业所需的原辅材料、机械设备、零配件及技术的进口业务,但国家限定公司经营和禁止进出口的商品及技术除外;化工机械设备制造、维修、销售及相关技术服务;普通货运;货物装卸;两碱工业盐的销售;房屋租赁。
",制造业,河北
C600410,北京华胜天成科技股份有限公司,"Beijing Teamsun Technology Co.,Ltd",华胜天成,600410,技术开发、技术咨询、技术服务、技术培训；承接计算机信息系统集成；销售计算机软、硬件及外围设备、通信设备；计算机软、硬件及外围设备、通信设备的售后服务；电子商务服务；货物进出口；技术进出口；代理进出口；仪器仪表销售；接受委托从事软件外包服务。,信息技术业,北京
C600415,浙江中国小商品城集团股份有限公司,"Zhejiang China Commodities City Group Co.,Ltd.",小商品城,600415,"    实业投资开发、投资管理、市场开发经营、市场配套服务、金属材料、建筑装饰材料、百货、针纺织品、五金交电化工、办公设备、通讯设备（不含无线）、机电设备的销售，信息咨询服务，提供网上交易平台和服务，网上交易市场开发经营。自营和代理内销商品范围内商品的进出口业务。经营进料加工和""三来一补""业务，经营对销贸易和转口贸易。以及下属分支机构的经营范围。",综合类,浙江
C600416,湘潭电机股份有限公司,"Xiangtan Electric Manufacturing Co., Ltd.",湘电股份,600416,发电机、交直流电动机、特种电机；轨道交通车辆牵引控制系统、电气成套设备；变压器、互感器、混合动力汽车、风力和太阳能发电设备。,制造业,湖南
C600418,安徽江淮汽车股份有限公司,"Anhui Jianghuai Automobile Co.,Ltd.",江淮汽车,600418,汽车底盘、齿轮箱、汽车零部件开发、制造、销售；汽车开发、制造、销售；汽车修理；新技术开发、新产品研制；本企业自产产品和技术进出口及本企业生产所需的原辅材料、仪器仪表、机械设备、零配件及技术的进出口业务（国家限定公司经营和国家禁止进出口的商品及技术除外）；技术服务、技术转让。土地租赁、房屋租赁、设备租赁、汽车租赁，工装、模具、夹具开发、制造、销售。,制造业,安徽
C600419,新疆天宏纸业股份有限公司,"Xinjiang Tianhong Papermaking Co., Ltd.",新疆天宏,600419,乳和乳制品的生产加工销售；初乳素系列生物保健品、食品、饮料的生产与销售；预包装食品、乳制品、乳饮料的生产和销售；开发、生产、销售儿童食品、营养食品。经销食品、饮料加工设备、生产销售包装材料及包装用品、本企业产的乳制品、食品，畜禽产品，饮料，饲料；乳制品及乳品原料；经营本企业自产产品及相关技术的出口业务；机器设备修理劳务（除专营）和设备备件销售（除专营）业务；农畜产品及饲料加工、销售，牲畜，家禽饲养及销售，农作物种植、加工及销售，普通货物运输；房屋租赁。自营和代理各类商品和技术的进出口和本企业所需,制造业,新疆
C600420,上海现代制药股份有限公司,"Shanghai Shyndec Pharmaceutical  Co., Ltd.",现代制药,600420,药品，保健品制造，药用原辅料，制药机械批售，药品，保健品等产品的研究开发、技术转让、技术咨询、技术服务、技术培训，中药材饮片，中成药，来料加工及医院协定处方，消毒剂生产及销售，货物进出口业务及技术进出口业务、生产：大蒜油软胶囊、卵磷脂软胶囊、深海鱼油软胶囊。(上述经营范围涉及许可经营的凭许可证经营)。,制造业,上海
C600421,武汉国药科技股份有限公司,"Wuhan National Pharmaceuticals Co.,ltd",*ST国药,600421,企业投资开发,制造业,湖北
C600422,昆明制药集团股份有限公司,Kunming Pharmaceutical Corp.,昆明制药,600422,中西药原料，制剂，医药原辅材料，中药材（种植、收购），中间体，化工原料，包装材料，自产自销，批发零售，科技开发，咨询服务，机械加工，制药设备制造，安装及维修业务，医药工程设计。,制造业,云南
C600423,柳州化工股份有限公司,"Liuzhou Chemical Industry Co.,Ltd",柳化股份,600423,    液氨、硝酸、甲醇、甲醛、硝酸铵、硝酸钠、亚硝酸钠、硫磺、硫酸、液氧、液氮、氩气、双氧水(过氧化氢)生产；氮肥、纯碱、复合肥料、蒸汽、系列工业水、生活水、脱盐水、硝基复合肥、重碱、氨水（≤35%浓度）生产销售；液氨、甲醛、甲醇、硝酸、硝酸铵、硝酸钠、亚硝酸钠、硫磺、硫酸、双氧水(过氧化氢)（20%≤含量≤60%）、盐酸、液体CO2、液氧、液氮、氩气的批发经营；化工（危险化学品除外）、化肥产品销售；煤炭批发；过磅收费服务；经营进出口业务（国家限定公司经营或禁止出口的商品除外）；经营本企业的进料加工和'三来一补'业,制造业,广西
C600425,新疆青松建材化工(集团)股份有限公司,"Xinjiang Qingsong Building Materials And Chemicals (Group) Co.,Ltd.",青松建化,600425,水泥、磷肥、硫酸的生产经营；汽车运输；汽车维修（仅限所属分支机构经营）；汽油、柴油零售（仅限分支机构经营）；硫酸钾、复合肥、电池酸、重晶石粉、盐酸制造销售；预应力多孔板、加气砼砌块、水泥预制构件、石灰粉、石料、建筑涂料制造销售；水泥熟料的生产、销售；润滑油、汽车零配件销售、洗车服务；钢材、化工产品、建材材料、五金、交电、机电设备和日用百货购销；铸造件、通用零部件、机械设备安装；电力的生产经营（含工业纯低温余热发电）；场地租赁；自营各类商品及技术的进出口业务（国家限定企业经营或禁止进出口的商品和技,制造业,新疆
C600426,山东华鲁恒升化工股份有限公司,"Shandong Hualu-hengsheng Chemical Co., ltd",华鲁恒升,600426,    安全生产许可批准范围内的化工产品的生产、销售；许可证范围发电业务，许可证范围供热业务；化学肥料生产销售；备案范围内的进出口业务；协议并网供电业务，技术推广服务。,制造业,山东
C600428,中远航运股份有限公司,Cosco Shipping Company Limited,中远航运,600428,远洋运输及沿海运输业，水陆空联运（凭许可证经营）。批发、零售贸易（国家专营专控商品除外）。船舶代理、租赁、买卖、维修及制造。装卸服务。仓储（危险物品除外）。提供劳务服务。商品信息服务。通讯设备维修，计算机软件开发，计算机系统的设计、集成、安装、调试及维护。托运及代理业务。货物进出口、技术进出口。向境外派遣各类劳务人员（含海员）。职业介绍，劳务信息服务，劳动保障事务咨询。国际船舶管理业务。房地产开发。场地出租，物业管理。自有汽车租赁。社会法律咨询服务，档案管理服务，海运及海运辅助业人员培训，设计、,交通运输、仓储业,广东
C600429,北京三元食品股份有限公司,"Beijing Sanyuan Foods Co.,Ltd.",三元股份,600429,加工乳品、饮料、食品、原材料、保健食品、冷食冷饮、生产乳品机械、食品机械；开发、生产生物工程技术产品（不包括基因产品）；信息咨询；餐饮；自产产品的冷藏运输；自有房屋出租；物业管理；安装、修理、租赁自有/剩余乳品机械和设备（非融资租赁）；销售自产产品。,制造业,北京
C600432,吉林吉恩镍业股份有限公司,"Jilin Jien Nickel Industry Co., LTD",吉恩镍业,600432,    镍、铜、钴、硫冶炼及副产品加工；企业经营本企业自产产品及相关技术的出口业务；经营本企业生产、科研所需的原辅材料、机械设备、仪器仪表、零配件及相关技术的进口业务；经营本企业的进料加工“三来一补”业务；工业硫酸生产(安全许可证有效期至2011年10月5日）；镍矿开采（采矿许证可有效期至2015年8月）；液氧、液氩、液氮生产和销售。具体经营范围以登记机关核准为准。,制造业,吉林省
C600433,广东冠豪高新技术股份有限公司,"Guangdong Guanhao High-tech Co., Ltd.",冠豪高新,600433,本企业自产产品及技术的进出口；生产所需原辅材料等商品及技术的进口；进料加工和'三来一补'（按[2000]粤外经贸登字第002号文经营）；生产、销售热敏传真纸及其原纸、无碳复写纸及其原纸、微胶囊、电脑打印纸、商业表格纸、科学仪器记录纸、小卷传真纸、感应纸、彩色喷墨打印纸、特种防伪纸等特种纸及从事商业表格印刷业务；研发、生产、销售不干胶材料、离型纸、及其综合应用服务；加工纸制造、销售；化工原料（不含危险品）；非食用淀粉及淀粉制品的制造及销售；油页岩销售；粘土及其他土砂石销售。,制造业,广东
C600435,北方导航控制技术股份有限公司,"North Navigation Control Technology Co.,Ltd.",北方导航,600435,精密光机电一体化产品、遥感信息系统技术产品、智能控制技术产品、新光源电子元器件、纺织服装业自动化成套设备及零配件、电子计算机软硬件及外部设备的技术开发、制造、销售、技术服务；普通货物运输；货物进出口、代理进出口、技术进出口。,制造业,北京
C600436,漳州片仔癀药业股份有限公司,"Zhangzhou Pientzehuang Pharmaceutical Co., ltd.",片仔癀,600436,锭剂、片剂、颗粒剂、胶囊剂、软膏剂、糖浆剂、酊剂（含外用）、煎膏剂、丸剂（水丸、水蜜丸）、乳膏剂、散剂、茶剂、中药饮片的生产；糖果制品（糖果）的生产；片剂类保健食品的生产；饮料（固体饮料）；对外贸易；旅游商品的批发、零售。（以上经营范围涉及许可经营项目的，应在取得有关部门的许可后方可经营）,制造业,福建
C600438,通威股份有限公司,"Tongwei Co.,Ltd",通威股份,600438,生产饲料及饲料添加剂；销售兽药；收购粮食；（以上经营项目与期限以许可证为准，且仅限分支机构经营）（以下项目不含前置许可项目，后置许可项目凭许可证或审批文件经营）非全民水域的水产养殖及技术咨询服务、畜禽养殖及技术咨询服务；生产电子元器件、电子计算机、化工产品；商品批发与零售；进出口业；租赁业。,制造业,四川
C600439,河南瑞贝卡发制品股份有限公司,"Henan Rebecca Hair Products Co.,Ltd",瑞贝卡,600439,"生产、销售发制品系列产品及技术服务；生产、销售复合纤维材料及特种纤维材料；经营本公司自产产品及原材料和相关技术的出口业务；经营本公司生产、科研所需的原辅材料、机械设备、仪器仪表、零配件及相关技术的进口业务；经营本公司的进料加工和""三来一补""业务；经营纺织品、美容美发类日用品的销售业务。",制造业,河南
C600446,深圳市金证科技股份有限公司,"Shenzhen Kingdom Technology Co.,ltd",金证股份,600446,"    计算机应用系统及配套设备的技术开发、生产(生产项目另行申报)、销售;电子产品、通讯器材、机械设备的购销及国内商业,物资供销业(不含专营、专控、专卖商品及限制项目)。进出口业务(具体按深贸管准证字第2003-2435号文执行)。建筑智能化工程专业(凭《建筑业企业资质证书》经营)。专业音响、灯光、多媒体显示、会议公共广播设备、闭路监控设备的购销与安装;房屋租赁;机动车辆停放服务;室内外清洁。
",信息技术业,深圳市
C600448,华纺股份有限公司,Huafang Limited Company,华纺股份,600448,前置许可经营项目：热力的生产、销售；电力的生产、销售；一般经营项目：棉、化纤纺织及印染精加工，棉及化纤制品、服装、服饰的生产、加工、销售；棉花收购、销售；新产品的技术开发、技术咨询服务及技术转让；机电设备的销售；仓储；进出口业务；煤渣与煤灰的销售，混凝土砌块及粉煤灰砖的生产与销售（须经审批的，未获批准前不得经营）。,制造业,山东
C600449,宁夏建材集团股份有限公司,"Ningxia Building Materials Group Co.,Ltd",宁夏建材,600449,"水泥制造、销售；水泥制品、水泥熟料、、精细石膏制造与销售；混凝土骨料的制造与销售；水泥用石灰岩露天开采；房屋租赁、设备租赁、自有土地租赁；与经营相关的咨询、服务。""",制造业,宁夏
C600452,重庆涪陵电力实业股份有限公司,"Chongqing Fuling Electric Power Industrial Co., ltd.",涪陵电力,600452,电力供应、销售，电力资源开发及信息咨询服务，商贸信息咨询服务（不含国家有专项管理规定的项目）；从事承装（修、试）电力设施业务，承装三级、承修三级、承试三级；承包110千伏及以下电压等级的送电线路工程和变电站建筑、安装工程的施工；销售输配电及控制设备、电工器材、机械配件、建筑材料（不含危险品）、五金、粘合剂（不含危险品）。,电力、煤气及水的生产和供应业,重庆
C600460,杭州士兰微电子股份有限公司,"Hangzhou Silan Microelectronics Co., ltd.",士兰微,600460,电子元器件、电子零部件及其他电子产品设计、制造、销售；机电产品进出口。,制造业,浙江
C600461,江西洪城水业股份有限公司,"Jiangxi Hongcheng Waterworks Co., ltd.",洪城水业,600461,    自来水、纯净水、水质净化剂、水表、给排水设备、节水设备、仪器仪表、环保设备的生产、销售，给排水设施的安装、修理；给排水工程设计、安装、技术咨询及培训，软件应用服务，水质检测、水表计量检测、电子计量器具的研制及销售、城市污水处理；信息技术。,电力、煤气及水的生产和供应业,江西
C600462,延边石岘白麓纸业股份有限公司,"Yanbian Shixian Bailu Papermaking Co.,Ltd.",石岘纸业,600462,"新闻纸、胶版纸、商品木浆、箱板纸、茶板纸、复印纸、卫生纸、少数民族文字印刷品（凭相关批件开展经营）、粘合剂、酵母、无铬木素、铬木素、铁铬盐等木素磺酸盐系列产品，造纸助剂、化工助剂等化工产品（不含危险化学品和监控化学品）；经营本企业自产产品及相关技术的出口业务（国家限定公司经营或禁止出口的商品除外）；经营本企业生产、科研所需的原辅材料、机械设备、仪器仪表、零配件及相关技术的进口业务（国家限定公司经营或禁止进口的商品除外）、经营本企业的进料加工和""三来一补""业务；木质素复合肥销售及其它服务。",制造业,吉林省
C600463,北京空港科技园区股份有限公司,"Beijing Airport High-Tech Park Co.,Ltd.",空港股份,600463,高新技术的开发、转让和咨询；销售开发后的产品；土地开发，仓储，物业管理，经济信息咨询。,房地产业,北京
C600466,四川迪康科技药业股份有限公司,"Sichuan Dikang Sci&tech Pharmaceutical Industry Co.,Ltd.",迪康药业,600466,日化用品、化工用品、原料药、中成药、中药材、中药饮片、中药和天然药物制剂、西药制剂、化学药制剂、抗生素制剂、生化药品制剂、化学原料药、抗生素原料药、生物制品、生物材料、医疗包装制品加工、医用高分子材料、医疗器械、保健用品、消毒用品的研发、生产加工及批发零售、进出口业务、技术咨询服务和技术转让（以上经营项目不含法律、法规和国务院决定需要前置审批或许可的合法项目）；农副产品的收购、加工与销售（不含粮、油、生丝、蚕茧）；投资及投资管理、企业策划、咨询服务（不含金融、证券、期货业务）；租赁服务（国家有专,制造业,四川
C600467,山东好当家海洋发展股份有限公司,"Shandong Homey Aquatic Development Co.,Ltd.",好当家,600467,海水养殖；许可范围内水产加工品、速冻食品、饮料的加工、销售；货物专用运输（限分支机构经营）；资格证书范围内的进出口业务；生物技术研究开发,农、林、牧、渔业,山东
C600468,天津百利特精电气股份有限公司,"Tianjin Benefo Tejing Electric Co.,Ltd.",百利电气,600468,输配电及控制设备、超导限流器、智能电网电气设备、高低压电器成套设备、传动控制装置、照明配电箱、高低压电器元件、电器设备元件、变压器、互感器、泵、电梯制造、销售、维修及技术开发、咨询服务、转让；电缆、机械设备、工程机械设备销售及安装维修；电子产品、计算机、仪器仪表、电讯器材批发兼零售；钢材、金属材料及制品、铁精粉、铁矿石、五金、交电销售；普通货运；进出口业务；液压、气动元件、机床设备、铸件、机械零件、刀具、模具、矿产品加工、制造（以上范围内国家有专营专项规定的按规定办理）。（经营范围以工商核准为准,制造业,天津
C600469,风神轮胎股份有限公司,"Aeolus Tyre Co.,Ltd.",风神股份,600469,经营本企业生产的轮胎及相关技术的出口业务；经营本企业生产所需原辅材料、机械设备、零配件、仪器仪表及相关技术的进口业务；开展对外合作生产、来料加工、来样加工、来件装配及补偿贸易业务。轮胎生产、销售。,制造业,河南
